programtime,ax,ay,az,gx,gy,gz,q0,q1,q2,q3
-10698.52354836464,-6956.0,-7760.0,-12196.0,-394.0,-82.0,-156.0,0.99928447901484,-0.0346039361454771,-0.006930619316962772,-0.013603827371850409
-10698.539146900177,-6876.0,-8024.0,-12476.0,-327.0,-130.0,-456.0,0.9964070850952185,-0.06317804757371583,-0.019029583265347847,-0.053097363753488246
-10698.554776191711,-6516.0,-7956.0,-12304.0,-215.0,184.0,-150.0,0.9944239788983625,-0.0810065062998698,-0.0026697567223673405,-0.06746679574488038
-10698.570373535156,-6744.0,-7836.0,-12404.0,-166.0,532.0,307.0,0.9936190683493522,-0.0924659852559376,0.046771309418137494,-0.04453799724422686
-10698.58602976799,-7160.0,-7812.0,-12316.0,-156.0,317.0,188.0,0.9911513968172612,-0.10416989391806417,0.07654896742742655,-0.030129675970481624
-10698.601627588272,-7216.0,-7812.0,-12296.0,-100.0,22.0,-387.0,0.9884313615555002,-0.11551120022685758,0.07536891899461551,-0.06308828865386915
-10698.617235898972,-6968.0,-7748.0,-12288.0,-193.0,-64.0,-296.0,0.9847478422505944,-0.13462535469361298,0.06811221468958122,-0.08665118156434731
-10698.632878303528,-6780.0,-7972.0,-12232.0,-211.0,151.0,39.0,0.9813560388826525,-0.15158293284497223,0.0833287407507839,-0.08378102639353784
-10698.6484978199,-6896.0,-7992.0,-12292.0,-180.0,0.0,-3.0,0.9787753526967691,-0.16723498278173113,0.08480376134194624,-0.08270182313327411
-10698.664158344269,-6992.0,-7776.0,-12228.0,-249.0,45.0,-229.0,0.972662518960572,-0.19002215535253256,0.0872720555334058,-0.10100887588438563
-10698.679813623428,-7024.0,-7828.0,-12360.0,-278.0,-256.0,-161.0,0.9678980833805783,-0.21719499186206415,0.06548930944809263,-0.10821638529471135
-10698.69546675682,-6856.0,-7876.0,-12436.0,-252.0,-63.0,-541.0,0.9569952575337349,-0.24207782950689902,0.05241591865055981,-0.15103301953939371
-10698.711094856262,-6576.0,-7872.0,-12176.0,-6.0,179.0,-114.0,0.9543162452810682,-0.2409466114002995,0.06521172541690741,-0.164233569392823
-10698.726706981659,-6752.0,-7976.0,-12192.0,-306.0,375.0,-241.0,0.9411714882790135,-0.26237110230115485,0.09584560709324462,-0.19018741790368585
-10698.742308616638,-7092.0,-7692.0,-12216.0,-388.0,185.0,41.0,0.9306766815944348,-0.29083687577191525,0.11853956535242433,-0.18762515149537035
-10698.757945775986,-7252.0,-7756.0,-12416.0,-399.0,-72.0,-481.0,0.9119587840768161,-0.32911455053733724,0.10706288327056158,-0.2203459275673953
-10698.773546218872,-7132.0,-7596.0,-12616.0,-349.0,-319.0,-638.0,0.8904271565558877,-0.3683172974852815,0.07009926500902025,-0.2580076361004275
-10698.78921842575,-6776.0,-7652.0,-12156.0,-344.0,-492.0,-666.0,0.8646605120495721,-0.40917428875997813,0.01834561301227252,-0.29086429619865983
-10698.804855108261,-6556.0,-8076.0,-12172.0,-367.0,72.0,-195.0,0.8458313321425941,-0.43529104061309176,0.026284798202187216,-0.3072461178132719
-10698.820467472076,-6752.0,-8008.0,-12308.0,-406.0,351.0,-113.0,0.8255379894585585,-0.4558126550234717,0.058891595708329206,-0.32749600216811986
-10698.836097955704,-7336.0,-7876.0,-12172.0,-454.0,11.0,-294.0,0.7980434965383244,-0.4893807685244147,0.06108721202620981,-0.34626780612439756
-10698.851740121841,-7404.0,-7440.0,-12500.0,-618.0,-271.0,-1125.0,0.7342238222638104,-0.5432670668117708,0.012950461217291034,-0.40695031452539143
-10698.867342233658,-6732.0,-7696.0,-12452.0,-812.0,-362.0,-902.0,0.6600085461877184,-0.6056939164971966,-0.023854311243321755,-0.44379564025863083
-10698.882951498032,-6488.0,-8272.0,-12092.0,-671.0,186.0,-130.0,0.6186488938892679,-0.6358570018842508,0.006120123177965951,-0.461434679382298
-10698.898599624634,-7168.0,-7996.0,-12032.0,-758.0,307.0,-465.0,0.5557807932393356,-0.6626257223971697,0.027490082275505437,-0.5012775251897597
-10698.91465306282,-7836.0,-7836.0,-11776.0,-1404.0,-864.0,-381.0,0.4550302301242718,-0.7613315671000086,0.024874189404911404,-0.4611973648141822
-10698.930305480957,-7840.0,-7848.0,-12276.0,-1679.0,-1556.0,-2050.0,0.25530112627033696,-0.8646735726283847,-0.10180672124088261,-0.4204715676872148
-10698.945930242538,-6904.0,-7548.0,-12660.0,-1581.0,-942.0,-1819.0,0.05939453831568939,-0.8958716122678999,-0.19701706509581587,-0.3937900699761368
-10698.961519241333,-7040.0,-7740.0,-12016.0,-1629.0,-626.0,-560.0,-0.09669198776483713,-0.9048045179105542,-0.1856735352311392,-0.37081637259633715
-10698.977124214172,-7396.0,-7868.0,-12144.0,-1440.0,-681.0,-1610.0,-0.26826826976053153,-0.8718334353258108,-0.25552417454462306,-0.32038413305120894
-10698.99274301529,-7048.0,-7296.0,-13056.0,-1570.0,-850.0,-1635.0,-0.4425262672418671,-0.8047151220987481,-0.3093504571602821,-0.2467921589542528
-10699.0083527565,-6856.0,-7460.0,-12904.0,-1785.0,-937.0,-1924.0,-0.6165346464094752,-0.684164398226748,-0.35946014120827485,-0.1503080598580869
-10699.023997068405,-6736.0,-7792.0,-12544.0,-1252.0,-248.0,-2535.0,-0.7107008036544514,-0.5247357224278995,-0.467098614610256,-0.037090073094655625
-10699.039606571198,-7140.0,-7564.0,-11812.0,-1368.0,-423.0,-1740.0,-0.7811038121237068,-0.3633840695454051,-0.5066327393477686,0.03394289480007465
-10699.055278539658,-7840.0,-7264.0,-12292.0,-1568.0,-1282.0,-1818.0,-0.8580945329821464,-0.16764563697684567,-0.4687621051851432,0.12582051347523848
-10699.070886850357,-7624.0,-5748.0,-14148.0,-2082.0,-2576.0,-4080.0,-0.8626187294381449,0.16675150707908987,-0.32605881738337344,0.3489534497836768
-10699.086492538452,-6588.0,-5572.0,-15348.0,-3444.0,-3058.0,-4117.0,-0.6813617790741501,0.5601433521710458,-0.12421759294944724,0.4544838177948014
-10699.102140426636,-5468.0,-7748.0,-14944.0,-2894.0,-1349.0,-3614.0,-0.37891257437285675,0.7604741525377585,0.016311401175977482,0.5271036544132364
-10699.11773967743,-4896.0,-8312.0,-15128.0,877.0,400.0,-4371.0,-0.2204038543291079,0.6586183540970503,0.31057623185704825,0.6489887586459745
-10699.133367061615,-4840.0,-5896.0,-12788.0,2025.0,2703.0,-746.0,-0.3521603798394696,0.42750203925470637,0.3984411214493358,0.7310743779141651
-10699.148962974548,-7404.0,-6296.0,-11364.0,416.0,1930.0,4671.0,-0.6701628314721805,0.4152978281247759,0.17502523865373468,0.589725070776406
-10699.164561510086,-10340.0,-7992.0,-11676.0,-736.0,-828.0,-1422.0,-0.5509052388713702,0.47361977189364324,0.2340725742706729,0.6460632781932373
-10699.180155992508,-9996.0,-8396.0,-12288.0,-382.0,-4912.0,-6353.0,-0.06265400336238601,0.5233936034527146,0.5822263090100579,0.6189879940871013
-10699.195818424225,-6524.0,-7628.0,-12484.0,-48.0,-5383.0,-7054.0,0.4697758099090245,0.3605872501657372,0.7363567575165277,0.327209793713418
-10699.211454868317,-3196.0,-7780.0,-11944.0,-528.0,-2248.0,-1903.0,0.6628798978157744,0.2717193971251341,0.6667984171645346,0.20527708387585186
-10699.227082252502,-3628.0,-9824.0,-11768.0,-255.0,1331.0,2762.0,0.5233408140945592,0.3803365963755323,0.6508907678782176,0.39724007105429815
-10699.242684602737,-7036.0,-9616.0,-11560.0,1198.0,1352.0,1674.0,0.34088525440453865,0.47246408209242013,0.6831782415849658,0.4402753964134199
-10699.258291959763,-8956.0,-7188.0,-12308.0,1373.0,-1037.0,-1177.0,0.3849791036989875,0.47516119299897513,0.7415629217469456,0.27585750573991724
-10699.273901462555,-7792.0,-6372.0,-12164.0,-58.0,-2622.0,-3521.0,0.5992778706914742,0.28800067691379005,0.7453424539572056,0.04884946392482197
-10699.289533376694,-5720.0,-8372.0,-12336.0,-425.0,-1349.0,-1511.0,0.6927625504865352,0.170412722308343,0.6998147513153398,-0.03603979134650365
-10699.305177211761,-5208.0,-9504.0,-11660.0,641.0,1238.0,942.0,0.6039190902383826,0.26760860536634035,0.7507778407375002,2.5240117994607546e-05
-10699.32078576088,-6764.0,-8468.0,-11852.0,1368.0,1563.0,1157.0,0.45957440405545663,0.40675642220955954,0.789483284981119,0.0075314582765665565
-10699.336386203766,-8168.0,-7412.0,-11948.0,553.0,-172.0,402.0,0.45051475641603483,0.4558206660304066,0.7673549909075301,-0.020743495373282256
-10699.352009296417,-8444.0,-7580.0,-12312.0,-180.0,-1820.0,-2347.0,0.5566628428950439,0.27895204904168064,0.7642528645615958,-0.16801723924898518
-10699.367607593536,-6832.0,-7908.0,-12300.0,-271.0,-2153.0,-2681.0,0.6389784531897409,0.05300259550147188,0.6981436801465469,-0.3185791316153482
-10699.383233308792,-5644.0,-8328.0,-12272.0,-46.0,-869.0,-2044.0,0.623483817403936,-0.09651327272334874,0.6485583691177772,-0.425822920321268
-10699.398869037628,-5616.0,-8712.0,-11948.0,394.0,458.0,205.0,0.6073816678480207,-0.04646418018501063,0.6597507841937712,-0.44006532728402425
-10699.414464712143,-6808.0,-8868.0,-11704.0,758.0,694.0,363.0,0.5816440873313622,0.04101019194035616,0.6661041787203636,-0.4650951976969358
-10699.430053710938,-7640.0,-8416.0,-11308.0,142.0,-274.0,-762.0,0.5645173665422484,-0.007200322397257493,0.647715468581069,-0.511598446039847
-10699.445652246475,-7336.0,-8876.0,-11660.0,-154.0,-1423.0,-2251.0,0.5300490033514156,-0.20020084596940307,0.5681278711612137,-0.5968235897894235
-10699.46126818657,-6600.0,-8248.0,-12620.0,710.0,-853.0,-1178.0,0.5181751417128454,-0.26756702986685227,0.4667466681293506,-0.6648683740630574
-10699.47687625885,-5940.0,-7080.0,-12280.0,-164.0,86.0,-437.0,0.4850197688866983,-0.2875944664176224,0.46980107784269987,-0.6792143946743874
-10699.492510080338,-6316.0,-8904.0,-12072.0,-37.0,313.0,210.0,0.483397550887195,-0.26190423308817795,0.4904932702170685,-0.6761281922524165
-10699.508088111877,-6312.0,-8828.0,-11788.0,760.0,861.0,-64.0,0.4577991971405247,-0.18092370563128793,0.47836450420751647,-0.7272234243700011
-10699.52373456955,-6520.0,-8596.0,-11032.0,-184.0,1112.0,1875.0,0.5180500675391192,-0.03876136398671293,0.5542972379825105,-0.6502893633987593
-10699.53934931755,-7552.0,-9448.0,-11020.0,-53.0,923.0,740.0,0.5123887425751599,0.04675069526163897,0.5985742924986703,-0.6139877566649974
-10699.554934978485,-7932.0,-7916.0,-11828.0,-204.0,-18.0,-273.0,0.4992015506549766,0.022418507318282474,0.6097727361917804,-0.6152011317857567
-10699.570516109467,-7224.0,-7504.0,-12248.0,-758.0,-821.0,-1004.0,0.4862049091650997,-0.10715247808216527,0.6116663892595368,-0.614806767199914
-10699.586162805557,-6480.0,-8184.0,-12384.0,-785.0,-448.0,-743.0,0.4604249150373675,-0.20309524308770074,0.6248037562778329,-0.5969769559950291
-10699.601788759232,-6112.0,-8328.0,-12308.0,-572.0,283.0,308.0,0.4499525499425208,-0.19419048709747505,0.6703574181117232,-0.5571837125254587
-10699.617401838303,-6508.0,-8244.0,-12160.0,-484.0,558.0,-153.0,0.40071100091203166,-0.19460198243797538,0.7118622013408592,-0.5429668207924252
-10699.63299202919,-6864.0,-8096.0,-12540.0,-392.0,507.0,71.0,0.3652704515957842,-0.17958653513180672,0.7483729152091136,-0.5237023518868108
-10699.64859199524,-6768.0,-8428.0,-11944.0,-571.0,524.0,325.0,0.3359837186122906,-0.15219199950205733,0.7942971245256223,-0.4827469462206376
-10699.664189338684,-7052.0,-8264.0,-11988.0,-250.0,813.0,204.0,0.2840232607843512,-0.11078498054994868,0.8291184837210888,-0.4686363359471977
-10699.679830789566,-7392.0,-7612.0,-11796.0,-747.0,108.0,446.0,0.2863714502457521,-0.09228459387900095,0.8642615528387704,-0.4031462693631801
-10699.695474147797,-7240.0,-8180.0,-12056.0,-895.0,-351.0,-619.0,0.282409316602324,-0.17276578536142767,0.8777577575307548,-0.3463210654858263
-10699.711109399796,-6544.0,-8040.0,-12036.0,-878.0,-177.0,-750.0,0.25867868027786256,-0.25581964280425584,0.8841552474653942,-0.293106037304955
-10699.726720809937,-6324.0,-8176.0,-11944.0,-1022.0,448.0,161.0,0.20449419704236296,-0.25370153381266347,0.9196389170802872,-0.2192758931312281
-10699.742327213287,-6656.0,-8608.0,-11892.0,-764.0,790.0,628.0,0.13563556316910447,-0.20052016224045013,0.9564207853876476,-0.16326034367640718
-10699.757987260818,-6972.0,-8180.0,-12096.0,-747.0,773.0,448.0,0.06433220287510133,-0.16009207898527525,0.9789902654251875,-0.10867361281438165
-10699.77358865738,-6940.0,-7912.0,-11892.0,-1070.0,338.0,527.0,0.025577469574872117,-0.11716010323237547,0.9926011626133161,-0.019032478541132093
-10699.789229869843,-7208.0,-8124.0,-11796.0,-1454.0,231.0,-77.0,-0.00916354970845319,-0.12566083193426347,0.9866295089599012,0.1033808334454381
-10699.804866790771,-6888.0,-8324.0,-12164.0,-1437.0,-278.0,-158.0,0.0006026084256498276,-0.13452471093077994,0.9642671168558575,0.22823598831596928
-10699.82046532631,-6388.0,-8040.0,-12608.0,-1300.0,74.0,97.0,-0.02253897199300276,-0.1271233813000372,0.933542970573513,0.33440867626472437
-10699.836087703705,-6104.0,-7928.0,-12448.0,-1230.0,648.0,497.0,-0.10252486602666068,-0.10232762976156629,0.8945882980414923,0.4227641009367059
-10699.85172367096,-6308.0,-7932.0,-12272.0,-1346.0,727.0,710.0,-0.1952890641060724,-0.06106318297564905,0.8358789380685747,0.5093524025847022
-10699.867324352264,-6288.0,-8628.0,-12060.0,-1452.0,528.0,-526.0,-0.2158804952825003,-0.09722415741914124,0.7520720859648503,0.615085890330122
-10699.882932901382,-5728.0,-10188.0,-10272.0,-2087.0,837.0,-2531.0,-0.14631096152340947,-0.2580167643554416,0.5781763744550314,0.7600871870198045
-10699.89855670929,-5076.0,-15500.0,-5740.0,-1493.0,1592.0,-2701.0,-0.07751459579858243,-0.4602973237098363,0.38081658064636953,0.7981833079741467
-10699.91447877884,-3476.0,-17624.0,-7444.0,8208.0,1251.0,5615.0,-0.13577480504024708,-0.3134685396699609,0.8803925816982825,0.32895528426231146
-10699.930160284042,-2904.0,-2068.0,-25272.0,24368.0,8371.0,21719.0,-0.23681998254017858,0.26594325970575944,0.6679771433689615,-0.6534500856403543
-10699.945813417435,-7960.0,25600.0,-29332.0,1320.0,14929.0,5736.0,-0.47101521718247286,0.827806778786676,0.0877618714509906,-0.29185348395521177
-10699.961394071579,-15452.0,-8016.0,960.0,-32768.0,138.0,-9280.0,0.529040379092005,0.6719319316519947,0.506098687744539,0.1117491600857128
-10699.976993322372,-10608.0,-29996.0,-17132.0,-854.0,-11491.0,1378.0,0.7539958852418929,0.5658862237708504,-0.07981488764429408,-0.3238712251728919
-10699.99259352684,-1872.0,-14976.0,-14248.0,20204.0,3763.0,-23258.0,-0.30311831361618247,0.7493618641406565,0.25816546656168526,-0.5290809733841404
-10700.008197307587,152.0,3636.0,-8940.0,6472.0,4296.0,29479.0,0.18934871053130903,0.5069356419119642,-0.7325819848665055,-0.41290066145319576
-10700.023841381073,-6916.0,-3636.0,-14960.0,-6538.0,10322.0,10371.0,0.8794974171849345,0.06276061106606438,-0.4567781816691174,-0.11789440875078983
-10700.039451360703,-12944.0,-10220.0,-14480.0,504.0,495.0,1943.0,0.9018702427402601,0.028512800511675807,-0.4277592264737752,0.053283483680808465
-10700.055079460144,-7804.0,-7880.0,-11084.0,2434.0,-158.0,-6424.0,0.7888198737333187,0.3949615360735282,-0.3542069109393605,-0.3103321705343908
-10700.0706615448,-4824.0,-6604.0,-11188.0,-338.0,722.0,6249.0,0.8692406153841429,0.17367967586146563,-0.4476468494592973,0.11776425997907011
-10700.086251020432,-5708.0,-9504.0,-11808.0,-1080.0,3593.0,4454.0,0.8737221770567798,-0.10638676174964028,-0.22628436973310573,0.41723710076894804
-10700.101953268051,-8400.0,-8896.0,-12776.0,828.0,1066.0,5440.0,0.6326619491163094,-0.17049900574449095,-0.057839542915421156,0.7532088252641679
-10700.117573022842,-8384.0,-6268.0,-13808.0,1245.0,-131.0,-1478.0,0.737184643750616,-0.08481379444765277,-0.0051767640945247296,0.6703272502316897
-10700.133177280426,-7104.0,-5692.0,-12512.0,-1143.0,-1223.0,-290.0,0.7370606078023878,-0.08605523377260191,-0.15116647227832014,0.6530580792129025
-10700.148784160614,-5264.0,-7996.0,-12700.0,-1199.0,729.0,936.0,0.6769534946109977,-0.21503282853828207,-0.1639297532164119,0.6845596283708161
-10700.164386749268,-6016.0,-8856.0,-12592.0,436.0,2277.0,1553.0,0.6071125422183663,-0.3379146383394938,0.024925087905509898,0.7187536422655151
-10700.18006014824,-7420.0,-7016.0,-12396.0,419.0,1696.0,1351.0,0.5213822337122599,-0.41185131557434623,0.17760782699458325,0.725943882141834
-10700.195683002472,-8312.0,-6684.0,-12388.0,-913.0,-148.0,-322.0,0.5093571233874923,-0.4476424528766474,0.10113229427456454,0.7279723994024502
-10700.211288452148,-7688.0,-7496.0,-12968.0,-1125.0,-1043.0,-2245.0,0.600498679780826,-0.439279540336696,-0.10155777960964534,0.6603944566876867
-10700.226889371872,-6548.0,-7416.0,-13244.0,-797.0,-262.0,-2088.0,0.67495184754952,-0.43931777054988275,-0.23676376041707006,0.5434913262617337
-10700.242485761642,-5804.0,-7548.0,-12748.0,-1016.0,791.0,-427.0,0.667772481010417,-0.5244303858936397,-0.2530134473461642,0.46372069116942605
-10700.258074522018,-6284.0,-7860.0,-12612.0,-766.0,2195.0,967.0,0.626902236181207,-0.6636212236966103,-0.10928146814583772,0.3932658368715825
-10700.273665189743,-7288.0,-7668.0,-12324.0,-763.0,1755.0,481.0,0.5742854374108745,-0.7591863392785202,-0.011419242168892662,0.3061077253826968
-10700.289322853088,-7632.0,-7324.0,-12280.0,-1437.0,321.0,-1463.0,0.5099604124750166,-0.825051882678507,-0.12847738237264283,0.20669622835367824
-10700.304926395416,-6808.0,-7384.0,-12728.0,-2009.0,-620.0,-2263.0,0.38518121738823674,-0.8477848467199159,-0.342908860240292,0.1237327645052371
-10700.320541620255,-5676.0,-7496.0,-13176.0,-2089.0,-29.0,-2153.0,0.24451832424989534,-0.8255565936294359,-0.5085214076493957,-0.008548554454578595
-10700.336149454117,-5348.0,-7472.0,-13272.0,-1598.0,916.0,-832.0,0.1667439419689132,-0.8096395482267975,-0.539376601830184,-0.1604778525588442
-10700.351798057556,-5716.0,-7176.0,-13544.0,-1146.0,1651.0,-252.0,0.1574929147150993,-0.7793486530133775,-0.5092257338955584,-0.3293946125839136
-10700.367437124252,-6352.0,-6792.0,-13256.0,-1087.0,1457.0,-147.0,0.14228412445196223,-0.7367232359568923,-0.46216489455954995,-0.47264967128614804
-10700.383052110672,-6704.0,-6712.0,-13460.0,-899.0,807.0,-587.0,0.09218332424387438,-0.6863637996742566,-0.4497694456029775,-0.5640163251449871
-10700.398679494858,-6220.0,-6648.0,-13804.0,-996.0,428.0,-1411.0,-0.019894354764104873,-0.6107533828193984,-0.47618155106943644,-0.6323255889526271
-10700.41428565979,-5652.0,-7088.0,-13428.0,-994.0,1263.0,-742.0,-0.06059459475027743,-0.5026731312206679,-0.45773810690041883,-0.7308377684049175
-10700.429898023605,-6112.0,-7800.0,-12620.0,-1063.0,810.0,-111.0,-0.08137696232449654,-0.4380914011058856,-0.3964846426575616,-0.8026541237772503
-10700.445533514023,-5792.0,-7412.0,-12292.0,-1137.0,1486.0,-1371.0,-0.16609791212572883,-0.2730524743655539,-0.37236492051886017,-0.8713198011047983
-10700.46114063263,-6096.0,-7380.0,-11596.0,-2218.0,960.0,832.0,-0.12151734906271222,-0.1902649902563674,-0.19314608308238398,-0.9548441537494211
-10700.47676563263,-6292.0,-8220.0,-11952.0,-2878.0,1333.0,-140.0,-0.15275373975652934,-0.044500493715374366,0.029258817088571434,-0.9868282133543101
-10700.492408752441,-6732.0,-8120.0,-12776.0,-2485.0,928.0,456.0,-0.12215361458218195,0.06806614644641691,0.22672347681892982,-0.9638682270993162
-10700.508002281189,-6656.0,-6300.0,-13852.0,-2666.0,422.0,-1866.0,-0.2610671163958476,0.09157570895268838,0.44006861437712685,-0.8542818416112828
-10700.52359676361,-5308.0,-5984.0,-13616.0,-3222.0,788.0,-998.0,-0.3253233010995792,0.17760471481996545,0.6417884251767992,-0.6713634874972538
-10700.539207458496,-4268.0,-7328.0,-13424.0,-3021.0,3459.0,1847.0,-0.33400687612834046,0.5228481926664956,0.635356362856742,-0.4597732770636178
-10700.554812908173,-6468.0,-7644.0,-12756.0,-3036.0,4193.0,2925.0,-0.2754681433901987,0.8359956173482777,0.44516878416914113,-0.1644791274083052
-10700.570448160172,-8228.0,-7436.0,-12476.0,-4027.0,1980.0,593.0,-0.04638400189657493,0.9154939853423218,0.3832123379238271,0.11343540555331658
-10700.586035013199,-7596.0,-7260.0,-12832.0,-4538.0,545.0,-1743.0,0.28990935451917155,0.8003582306755507,0.4371947644823642,0.2902412904143545
-10700.601657867432,-5856.0,-7084.0,-13356.0,-5350.0,1899.0,-267.0,0.5356007855477295,0.543622046066871,0.33009775928495755,0.5555558827568782
-10700.617250442505,-5168.0,-7832.0,-13820.0,-5970.0,4070.0,2578.0,0.4790930664083842,0.11764693088439397,0.09031453308514442,0.8651429468512742
-10700.632877349854,-6496.0,-8744.0,-13540.0,-5638.0,5364.0,4879.0,0.0985547855826764,-0.3783393675577553,-0.1258283531164693,0.9117639512213385
-10700.648495912552,-8300.0,-8584.0,-14128.0,-5893.0,4933.0,6482.0,-0.4190546002611713,-0.671147762511156,-0.25436453691593724,0.556104850937087
-10700.664113044739,-8736.0,-7380.0,-13716.0,-4673.0,5890.0,10218.0,-0.7089759342152671,-0.6790776325320761,-0.06587912416790158,-0.17851228164216115
-10700.67972779274,-10676.0,-6964.0,-14316.0,-7420.0,3798.0,3640.0,-0.8381981089460385,-0.14240782203100805,0.02376035689673187,-0.5259081553121321
-10700.695305347443,-9288.0,-7088.0,-16140.0,-8568.0,1761.0,796.0,-0.7236064558924444,0.45006218468388887,0.23645148050017434,-0.46682804572734976
-10700.710895299911,-6944.0,-8868.0,-14628.0,-7674.0,4512.0,4026.0,-0.267206933550091,0.9143640535708314,0.08072247931439644,-0.2932962896690166
-10700.72647190094,-7100.0,-12180.0,-10976.0,-6849.0,5343.0,5388.0,0.2831348006890924,0.9319313763694862,-0.22272395262606545,0.04162493607736878
-10700.742067575455,-7856.0,-15500.0,-10648.0,-3465.0,5176.0,6418.0,0.506184319358331,0.5539844362370494,-0.4962198223002989,0.43662863763056314
-10700.757668495178,-8164.0,-16700.0,-8996.0,1649.0,4209.0,7914.0,0.24022041222865334,0.09673129243052613,-0.4931696389473889,0.8304943815787786
-10700.773302316666,-8620.0,-14320.0,-6948.0,4326.0,2840.0,7789.0,-0.1849383138191049,-0.27410310370315333,-0.14416320652029596,0.9326747978303216
-10700.788891792297,-9960.0,-13280.0,-6448.0,3911.0,-1002.0,10243.0,-0.6761551157343717,-0.2774185961966277,0.31373741684845674,0.6061534584738328
-10700.804510593414,-11180.0,-14780.0,-7544.0,3455.0,-4213.0,5024.0,-0.6238164545484834,-0.10151365018734877,0.7277715943744201,0.26626399734458095
-10700.820096731186,-11232.0,-15768.0,-9564.0,5227.0,-7789.0,515.0,-0.07313502644991773,-0.13326152983355158,0.9881911303814,-0.019259345994146762
-10700.835728406906,-8976.0,-14864.0,-10744.0,7847.0,-8791.0,-4223.0,0.5194599315735965,-0.3796542166624011,0.6629322946702139,-0.38281173955783787
-10700.851311683655,-7280.0,-13128.0,-11360.0,9605.0,-8278.0,-2922.0,0.8056189364985465,-0.2577377497918258,-0.08573139125538196,-0.5264973979428708
-10700.86690735817,-7064.0,-12552.0,-11936.0,10827.0,-7401.0,-1983.0,0.5901967299336134,0.11637846674270964,-0.7505337773385888,-0.27353778811739143
-10700.882494449615,-8184.0,-12672.0,-12020.0,12027.0,-7064.0,-2572.0,-0.035361975223430625,0.46230276732453923,-0.8643086660069738,0.19492617037641702
-10700.898149490356,-8888.0,-12688.0,-12188.0,12614.0,-7653.0,-4310.0,-0.6266247956093984,0.5250688135817257,-0.270197020019818,0.5085643291696426
-10700.913962602615,-9388.0,-12736.0,-12060.0,13013.0,-9082.0,-5437.0,-0.6745617615948301,0.1945611617911692,0.5939375976697706,0.39287468000726644
-10700.929657936096,-9264.0,-12148.0,-12216.0,13658.0,-10091.0,-7289.0,-0.07026724543328536,-0.33791672046398213,0.9380597629309497,-0.03030982382027033
-10700.945266962051,-8972.0,-10948.0,-13100.0,13914.0,-11150.0,-7841.0,0.6248280054211278,-0.5549716800293683,0.37431056482545144,-0.4018556943317926
-10700.960895776749,-8208.0,-10364.0,-14360.0,13955.0,-11101.0,-9272.0,0.6628221644791402,-0.24093110502749288,-0.5791481019849815,-0.40890886132806215
-10700.976531267166,-7512.0,-10004.0,-14636.0,13869.0,-10027.0,-10001.0,0.04533406294368328,0.3547665690800091,-0.9330924729468487,-0.037735144496233906
-10700.992138624191,-6924.0,-9740.0,-14816.0,13900.0,-8995.0,-8801.0,-0.5979116767199933,0.5718750246493937,-0.3868118700119372,0.4072310894836123
-10701.007770299911,-7468.0,-9244.0,-14800.0,14029.0,-7694.0,-8736.0,-0.6638324992521625,0.21734472254896509,0.5050616388004217,0.5069520939191133
-10701.023360967636,-7876.0,-8916.0,-13180.0,13851.0,-7865.0,-7799.0,-0.12736724626566984,-0.31518402552640173,0.9342317870468477,0.10792396723122337
-10701.038947582245,-7868.0,-7860.0,-12736.0,13787.0,-8207.0,-8177.0,0.5358596643774155,-0.567820918073079,0.499377017512195,-0.3755747854590272
-10701.0545129776,-7548.0,-6600.0,-12020.0,12763.0,-8857.0,-8976.0,0.6783002472053686,-0.3512814223817864,-0.4186231551582018,-0.4911871241145851
-10701.070146560669,-6716.0,-6644.0,-11788.0,10527.0,-9233.0,-9877.0,0.13352267733917378,0.13161517997140124,-0.9557213905599937,-0.2268165837485134
-10701.085791110992,-5720.0,-7292.0,-12004.0,9766.0,-9164.0,-10559.0,-0.5310035989204214,0.5268353733053193,-0.632653874162163,0.2005710419662096
-10701.101393699646,-4452.0,-7480.0,-12644.0,11361.0,-7862.0,-11042.0,-0.703642955602894,0.40664130612749383,0.23814909913738194,0.531803014058216
-10701.116999387741,-3512.0,-6248.0,-11896.0,11299.0,-5993.0,-9515.0,-0.31428674559481035,-0.12055240378139793,0.8570029813128552,0.39017540863927813
-10701.132607221603,-3752.0,-5804.0,-10584.0,9464.0,-4924.0,-6493.0,0.2534017271015901,-0.4719262589685416,0.8423389835389836,-0.059482834569310555
-10701.148231267929,-4668.0,-6896.0,-11044.0,7218.0,-4849.0,-6624.0,0.6315081534411816,-0.5964630787070471,0.3072571209321548,-0.38861588942438163
-10701.163864850998,-5496.0,-7768.0,-11632.0,6342.0,-5474.0,-9527.0,0.5263913081603626,-0.4613641596795981,-0.47270465067308254,-0.5353555977930927
-10701.17946267128,-5188.0,-7344.0,-11008.0,5454.0,-6047.0,-11738.0,-0.032523608520532266,-0.005788066344236325,-0.9247637654042734,-0.3791051191584043
-10701.195108652115,-4544.0,-6000.0,-11480.0,4977.0,-6007.0,-10307.0,-0.5677240503639427,0.4067546332961894,-0.7147740571549429,0.0365802972746861
-10701.210680484772,-4260.0,-4220.0,-10628.0,3423.0,-3597.0,-9978.0,-0.6319443909424883,0.6245113173546497,-0.12307369424105924,0.44213659319054965
-10701.226271152496,-6136.0,-4596.0,-8872.0,-1230.0,-4078.0,-6423.0,-0.29941962386543486,0.7624679153159974,0.33542812539661343,0.46527254340963664
-10701.241851091385,-7460.0,-7248.0,-9672.0,-3533.0,-5291.0,-11279.0,0.36355876591803626,0.49007158032666953,0.7161948494141248,0.33870312598639296
-10701.257432699203,-6664.0,-7944.0,-10196.0,-2251.0,-5423.0,-14341.0,0.7268935624904329,-0.18876145422273055,0.6486351044113002,-0.12356117325045404
-10701.273020267487,-4364.0,-5324.0,-9960.0,-1644.0,-4958.0,-13433.0,0.5199334842241672,-0.6889017468483586,0.08143170700022725,-0.49845002985938996
-10701.288610935211,-2456.0,-4052.0,-8364.0,-4795.0,-1138.0,-9984.0,-0.13956280377290015,-0.7366589027233411,-0.2594225765100915,-0.6087329559325303
-10701.304235935211,-3656.0,-5396.0,-6328.0,-7282.0,1340.0,1940.0,-0.39439303130363756,-0.5162302306192149,0.19618444270562127,-0.7344876787899474
-10701.319879055023,-7512.0,-7720.0,-5552.0,-7652.0,1764.0,1933.0,-0.5272358297500414,-0.08706700247369584,0.5827098383134819,-0.6122833994489044
-10701.33547091484,-10940.0,-6692.0,-6588.0,-6586.0,-2830.0,-3038.0,-0.4925801033688585,-0.07407066212419246,0.8617799679343121,-0.09598784112971946
-10701.35110116005,-6644.0,-6032.0,-7912.0,-10426.0,32767.0,-6618.0,-0.9578108269836915,0.04695052293630733,-0.15622797582954542,0.2366154848631579
-10701.366693019867,-20828.0,-32768.0,-32768.0,-32768.0,-28568.0,2922.0,-0.32388136039550275,0.8485292223740556,0.3924005624432688,-0.14533004424359458
-10701.382281064987,3232.0,-32768.0,-32768.0,13043.0,-797.0,-10141.0,-0.7922147245636247,0.0696328406636401,0.5696734736770395,-0.20741077858787363
-10701.397915840149,8064.0,-14492.0,-13000.0,32767.0,-662.0,32767.0,-0.08767086257900059,-0.13886458984280978,-0.04236454534926255,-0.985512907495276
-10701.413537740707,3468.0,22272.0,-27712.0,32767.0,8452.0,32767.0,0.7466159000873358,0.051065641378586775,-0.5976120255151177,-0.28777919481277475
-10701.429152011871,-3920.0,32767.0,-28368.0,-32768.0,32767.0,26769.0,0.6854594003273157,-0.5563263388746212,0.4691993176912207,-0.0223252201639681
-10701.444743394852,-19772.0,-9916.0,-19460.0,-32768.0,10659.0,32767.0,-0.29941055245171566,-0.2703815280699173,0.6469694721745601,0.6470530522556136
-10701.460311889648,-29152.0,-32768.0,-6264.0,-22231.0,21387.0,-29263.0,-0.09859599131122283,-0.6633755307218475,-0.4834370128619358,0.5625836740716823
-10701.47592329979,-16880.0,-23184.0,-7524.0,17926.0,-5110.0,-14988.0,0.6306166799182791,0.02841917723045475,-0.18453004144949384,0.7533018101511764
-10701.491493225098,-5864.0,4244.0,-20288.0,20662.0,-791.0,-3452.0,0.38057124518293384,0.6106618783488018,0.5462587575415527,0.428787788399557
-10701.507149219513,-6240.0,16012.0,-19948.0,-16176.0,1293.0,-6370.0,0.7796453602512063,-0.1529725062194236,0.17776016482136342,0.5806495056248622
-10701.522767305374,-7420.0,-516.0,-19096.0,-29091.0,-4153.0,4499.0,0.08191228592906823,-0.6661824400511789,-0.5461775419373941,0.5011800341838829
-10701.53836774826,-6564.0,-17244.0,-11844.0,-18910.0,-2042.0,-13762.0,-0.2248393560450047,-0.024584484653220058,-0.9597264200840322,-0.16663752782699048
-10701.553983926773,-4448.0,-22112.0,-7736.0,-4287.0,-1691.0,-4145.0,-0.38348663825845164,0.3362005968215553,-0.7679295701561708,-0.38754526478054174
-10701.569578886032,-1872.0,-14796.0,-10936.0,4948.0,1404.0,8222.0,-0.11944084609728901,-0.2540912803807024,-0.9339606348978601,-0.22110865650002262
-10701.585168600082,-4108.0,-7212.0,-12928.0,3525.0,6745.0,8294.0,0.47695525054587173,-0.5968774772403151,-0.6337397430925297,-0.12093346999477196
-10701.600778341293,-8944.0,-3956.0,-14344.0,1197.0,3449.0,12682.0,0.5662545221759846,-0.7947184064075792,0.10347150001154921,0.19254121459470763
-10701.616365909576,-9916.0,-4048.0,-13356.0,-1162.0,1675.0,-3072.0,0.49683915476542373,-0.8645265465360032,-0.043975191156293836,-0.061732383635160815
-10701.631993055344,-8564.0,-5508.0,-11464.0,-4240.0,291.0,-5699.0,0.12508121279626702,-0.8710454464654568,-0.3725186965895585,-0.29472757096753677
-10701.647574663162,-8024.0,-8396.0,-10472.0,-6807.0,838.0,-10322.0,-0.4281699584977943,-0.39935047438737437,-0.6605607608585308,-0.46994591865508845
-10701.66315150261,-8564.0,-11636.0,-10444.0,-5766.0,257.0,-10211.0,-0.7219184135330529,0.29029794167321615,-0.5517893555704174,-0.30014899023884384
-10701.67873096466,-9544.0,-11432.0,-11548.0,-2014.0,-2859.0,-9212.0,-0.7959185163609982,0.5960013709595828,-0.06497504523706221,0.08410900441954526
-10701.6943089962,-7796.0,-8452.0,-13388.0,-159.0,-5278.0,-8761.0,-0.5618906223223981,0.5190260299908738,0.5639705783474224,0.31117213161935736
-10701.709942817688,-3784.0,-6596.0,-13084.0,4.0,-4124.0,1609.0,-0.37555830099125964,0.6624224526131238,0.6468278416832699,0.04202618295699774
-10701.725520133972,-1676.0,-7440.0,-12316.0,-1629.0,-132.0,6615.0,-0.25613231119777824,0.9366542341022285,0.22582790101229022,-0.07795411485762399
-10701.741161346436,-2812.0,-9960.0,-11056.0,-1305.0,6025.0,15476.0,-0.0924018803204333,0.7433698238826979,-0.6603162359158773,0.05334478455990597
-10701.756752729416,-5576.0,-11736.0,-11392.0,1923.0,7141.0,24507.0,0.0327006817390386,-0.2932653606606812,-0.9391920570625847,0.1756256632753689
-10701.772344589233,-8520.0,-10152.0,-12640.0,5996.0,8646.0,17723.0,0.30273119482874733,-0.9044410143645267,-0.17922821586128748,0.24128307411006805
-10701.787958621979,-10596.0,-6160.0,-11532.0,6104.0,6676.0,11130.0,0.40844022297905214,-0.6602956775784298,0.626871294081657,0.06495062032385218
-10701.803544044495,-11808.0,-3996.0,-9836.0,1509.0,3214.0,5232.0,0.2537950195908408,-0.29625658128833865,0.9206645393243998,-0.014033249973596054
-10701.819138765335,-12308.0,-5156.0,-8992.0,-3857.0,-1236.0,-1267.0,0.2363696055374511,-0.45481899772530066,0.8113190506322032,0.2811236151010495
-10701.834777593613,-10976.0,-8228.0,-10960.0,-5010.0,-2895.0,-6702.0,0.3221198050794482,-0.7610392997922429,0.2868922994194085,0.4845109120351734
-10701.850372076035,-9356.0,-8712.0,-12236.0,-3694.0,-5477.0,-8327.0,0.41497391059542593,-0.6173002353927612,-0.4224965111594958,0.5179128990160752
-10701.865981340408,-6548.0,-8464.0,-12688.0,-3284.0,-4982.0,-10792.0,0.36893699421468473,-0.07721268171993786,-0.9072213599789836,0.18674340705720432
-10701.881567001343,-3632.0,-8120.0,-13036.0,-2804.0,-3846.0,-2699.0,0.08052474184458391,0.09816164176891724,-0.9881038946026696,-0.08677990266836212
-10701.897189378738,-1980.0,-9168.0,-12452.0,-2091.0,1657.0,3325.0,0.24971122362807793,-0.17878787503293203,-0.9270865494606199,-0.21491796189378465
-10701.913159132004,-3628.0,-9112.0,-12280.0,613.0,5593.0,13828.0,0.5912475333477251,-0.7181020529738399,-0.3658756557038411,0.029846279303648266
-10701.928879976273,-7340.0,-7964.0,-12368.0,2966.0,6206.0,16129.0,0.5104061901176127,-0.5997585424062447,0.5321922411232454,0.3107195365415213
-10701.944491624832,-9616.0,-6380.0,-12316.0,2757.0,4718.0,11065.0,0.09218632791368492,-0.06209054691171006,0.9500857278736159,0.29151938978540803
-10701.96010518074,-10536.0,-5516.0,-10760.0,103.0,2283.0,7249.0,-0.23405986662144834,0.4014401539746362,0.8420259881107062,0.27395988202683785
-10701.975761890411,-10332.0,-5964.0,-11072.0,-1592.0,-1123.0,4507.0,-0.1869407568187943,0.7280606993919619,0.6149389708874765,0.23839218427782977
-10701.992103099823,-8892.0,-6776.0,-13532.0,-2694.0,-3216.0,884.0,0.1297517267569164,0.8301949664174862,0.5199652362736676,0.1535479085026444
-10702.007823705673,-6448.0,-7748.0,-13808.0,-1959.0,-2831.0,1105.0,0.36740463247347516,0.8545954521919427,0.3639286716884777,0.04729028497418635
-10702.023465394974,-4840.0,-7948.0,-13596.0,510.0,162.0,3081.0,0.3002999262366988,0.9340584739219274,0.1365037802208246,0.13682631173242327
-10702.039090156555,-4668.0,-7200.0,-13224.0,1930.0,3144.0,8648.0,0.001545820243930844,0.8118568213400106,-0.35795721821398296,0.4612512786019942
-10702.054695367813,-6820.0,-6604.0,-12984.0,2778.0,4386.0,10829.0,-0.3412544989255539,0.20529551951826877,-0.6992341554142826,0.5936924393411693
-10702.070271253586,-9276.0,-6140.0,-12440.0,2222.0,4265.0,4184.0,-0.29501991826901186,-0.294644827504758,-0.6871257832328522,0.5949838917700849
-10702.0858771801,-11344.0,-5400.0,-11488.0,1471.0,1716.0,92.0,-0.15605583454323937,-0.41914697700407516,-0.6403532862540061,0.6244277836203745
-10702.101519346237,-11108.0,-5952.0,-10776.0,-753.0,-296.0,-4023.0,0.017913914273864105,-0.1583044603677138,-0.7763423393104592,0.609845358838648
-10702.117174863815,-10480.0,-6888.0,-10048.0,-1315.0,-1679.0,-4697.0,0.12380154783638815,0.22526705101309327,-0.833432904363769,0.4892009059731506
-10702.132778644562,-10316.0,-7636.0,-7308.0,208.0,209.0,-2801.0,0.24694592140680452,0.41005532898994884,-0.7451604083183138,0.4643364135434275
-10702.14838385582,-11544.0,-5324.0,-9164.0,1018.0,-292.0,-2284.0,0.2772900382955761,0.5785689848408383,-0.6139309664008874,0.45984446602775636
-10702.164016485214,-12200.0,-2440.0,-16204.0,-5260.0,-6584.0,-13844.0,0.4303789134753268,0.8412640116376064,-0.1647426010520709,-0.2826813204967685
-10702.179622411728,-8664.0,-6440.0,-18024.0,-11929.0,-12635.0,-21183.0,0.23214401135042598,0.14900198702706233,0.4669702871879871,-0.8401466043136098
-10702.195251226425,-1960.0,-12796.0,-14256.0,-5377.0,-9702.0,-20576.0,-0.35704591588128715,-0.6645015561011447,0.4104496792309619,-0.512334809193022
-10702.210846424103,2568.0,-11884.0,-13128.0,2303.0,-594.0,-9071.0,-0.4702103529472008,-0.8418956381750706,-0.15469062813599277,-0.2149064167723977
-10702.226465702057,1524.0,-7308.0,-15144.0,5352.0,8091.0,9129.0,0.1328689588355972,-0.6736850406216562,0.054558619202682346,-0.7249259706282003
-10702.242053985596,-3996.0,-6488.0,-15148.0,5316.0,12857.0,9757.0,0.5599794532728761,0.13845236679812273,0.24662501613473475,-0.7787361911820657
-10702.257637262344,-10908.0,-6412.0,-12620.0,6009.0,10437.0,5920.0,0.4318251093316337,0.8239108936410067,0.1798996725196383,-0.3198968929479108
-10702.273217439651,-14532.0,-5172.0,-10600.0,4536.0,2287.0,-4512.0,-0.04855533045722134,0.8496337139809547,0.39910572873146977,-0.34129100375609345
-10702.288806915283,-13724.0,-4532.0,-11896.0,332.0,-5548.0,-15244.0,-0.19255997035141217,0.0876305353807511,0.8900937687973455,-0.4037011640251783
-10702.304429769516,-9372.0,-5768.0,-13576.0,-2048.0,-8499.0,-20317.0,-0.10682428966960923,-0.8075566079507079,0.5798494744848512,0.014679340290756411
-10702.320098638535,-5164.0,-7500.0,-13108.0,-798.0,-7280.0,-17785.0,0.11690113619304085,-0.8653263220861823,-0.3105597592368501,0.3756289613492634
-10702.335733413696,-2548.0,-8960.0,-13208.0,1432.0,-2997.0,-12281.0,0.3657635267609293,-0.28086922578198925,-0.8175849339644292,0.3447961662408862
-10702.351334095001,-2264.0,-9316.0,-12844.0,3383.0,1735.0,-3933.0,0.6232319867172236,0.049967309105146844,-0.6831512768802183,0.3773453214897735
-10702.366931438446,-4048.0,-9608.0,-12632.0,5170.0,4555.0,1995.0,0.6835077723625712,0.052627481045438185,-0.23229755274427696,0.689989362488863
-10702.382529497147,-6456.0,-8996.0,-12536.0,6266.0,4621.0,1698.0,0.5304863568074408,0.0931603903693794,0.33881033412199235,0.7714356255706223
-10702.398154497147,-8136.0,-8576.0,-10936.0,6226.0,3249.0,6246.0,-0.02836377803202088,0.26839144867670567,0.6632265195659766,0.6980631132765651
-10702.413807868958,-9108.0,-8940.0,-11424.0,6161.0,260.0,2505.0,-0.2942622765071944,0.3305576356768941,0.8468405283772524,0.2949618307819524
-10702.42942070961,-8152.0,-8376.0,-11536.0,6364.0,-1237.0,-106.0,-0.333830380448456,0.1663592476405922,0.9099050359295539,-0.18153430365672707
-10702.445003986359,-5776.0,-8136.0,-11256.0,6815.0,-1777.0,5144.0,-0.1670117407569256,0.2770857685119717,0.6198552680767859,-0.7149195772777015
-10702.460590839386,-4672.0,-9188.0,-10724.0,5556.0,1634.0,5767.0,-0.024329313824062147,0.4967523860944405,0.08973549459690124,-0.862897845870402
-10702.476172208786,-5628.0,-10496.0,-12468.0,7180.0,3524.0,11742.0,0.3270588410668414,0.5267911011750338,-0.6072591238944106,-0.4967494405128231
-10702.49179816246,-7160.0,-10384.0,-12276.0,9454.0,2901.0,8343.0,0.27026291912269124,0.31844776872134245,-0.87373696848591,0.24926428353202135
-10702.50743341446,-7700.0,-9412.0,-11784.0,10980.0,3708.0,5194.0,0.09015916309846957,0.06740588629352864,-0.4634069922106485,0.8789662856860025
-10702.523011446,-8448.0,-8800.0,-10208.0,10087.0,129.0,6489.0,-0.3190136034267355,-0.08682739311774292,0.18851074837383863,0.924745923148949
-10702.538660764694,-9524.0,-9544.0,-10644.0,9982.0,1039.0,1225.0,-0.26941120555854675,-0.3214448272720535,0.7305825163972347,0.5388320815191078
-10702.554247617722,-9220.0,-10108.0,-10572.0,10688.0,-1322.0,-3190.0,0.1891847161480069,-0.5098951620248624,0.8388889373119575,-0.021941234588148614
-10702.569863080978,-8940.0,-10552.0,-11960.0,10547.0,-2872.0,-1781.0,0.6223435524373274,-0.33905240395547503,0.49743855549534793,-0.5002867713805778
-10702.585457086563,-8004.0,-12200.0,-13400.0,10985.0,-3058.0,-4412.0,0.6069388643022514,-0.04624727293125499,-0.19044567064036866,-0.7702057201035678
-10702.601104974747,-7736.0,-13648.0,-14112.0,11352.0,-2428.0,-1475.0,0.35914906222857196,0.2912854070788381,-0.7611925068209325,-0.45469850481711227
-10702.616745233536,-7880.0,-17052.0,-16436.0,9518.0,-3051.0,-2659.0,-0.14192689679374407,0.47893641795403086,-0.8662097896429786,0.0125404884484844
-10702.632355451584,-7112.0,-22936.0,-16732.0,8762.0,-6661.0,-7939.0,-0.6471350496898571,0.6307852535274336,-0.28521102509803786,0.3193444262199729
-10702.64799618721,-3476.0,-29336.0,-16812.0,16971.0,-9669.0,-13116.0,-0.6377818443816244,0.11760167465579176,0.6374091144861439,0.4160694483680782
-10702.663593769073,1688.0,-25280.0,-16444.0,30009.0,-4357.0,-157.0,-0.2465924440879844,-0.49594545246425603,0.6967642783917588,-0.4557958041228002
-10702.679223060608,436.0,-11812.0,-20660.0,32767.0,-5569.0,18374.0,0.6474177838033772,-0.08821092649898209,0.0891627988782933,-0.7517439996152305
-10702.694816350937,-560.0,10952.0,-32768.0,32767.0,1587.0,4034.0,0.37727709215685556,0.6219322396679405,-0.6354200208222903,-0.2590437842016032
-10702.710483074188,-1440.0,32767.0,-32768.0,29391.0,12985.0,-10477.0,-0.23597363334127794,0.7912559953292457,-0.09753665790958208,0.5556230688039058
-10702.726074457169,-4680.0,32767.0,-20016.0,-29597.0,8962.0,-14993.0,0.8259400513616143,0.34594999528414705,-0.2156575321745511,0.38940141388553673
-10702.741659402847,-7444.0,24988.0,-23460.0,-32768.0,3325.0,-13709.0,0.7167501986454726,-0.5720779093305451,-0.20660808150088616,-0.34104122779539614
-10702.757306098938,-9808.0,-808.0,-29588.0,-32768.0,-4535.0,-5505.0,-0.3766581258822722,-0.8592675163162393,0.06794082586631568,-0.3393700572990767
-10702.772900104523,-10588.0,-28152.0,-25360.0,-32768.0,-8386.0,-32768.0,-0.8876485338410467,-0.053131302252498416,-0.2702637877306456,0.36907266240169895
-10702.78853559494,-4168.0,-32768.0,-24956.0,-25974.0,-1423.0,-29647.0,-0.02419493112418856,0.7543969848346219,-0.31644422036500236,0.5745979898832859
-10702.80413532257,4608.0,-22400.0,-21940.0,12226.0,6141.0,12366.0,-0.6754056524648069,0.04181207418134847,-0.2800494998185636,0.680919402515903
-10702.819762468338,4800.0,-672.0,-15744.0,10809.0,21222.0,19444.0,-0.4720142923684551,-0.8142334410040297,-0.33520670138739156,-0.04316107848082838
-10702.835356712341,1296.0,6956.0,-9244.0,-15190.0,32140.0,25008.0,-0.13174207988049205,-0.20374762250371178,0.044634128117571024,-0.9690917011924265
-10702.850944519043,-8368.0,516.0,-10944.0,-31559.0,30017.0,32767.0,0.40352976100403337,0.5813256898225659,0.6071551610620581,-0.36136793539556256
-10702.86659169197,-18156.0,-10504.0,-12584.0,-32073.0,18403.0,23429.0,0.4543658571227328,0.3225206441073318,0.2730656213988341,0.7841984878943499
-10702.882193565369,-21216.0,-16452.0,-12384.0,-24235.0,1820.0,5236.0,0.30757273040171257,-0.26726115528741184,-0.6114562086206654,0.6783006673496013
-10702.897822380066,-14100.0,-13132.0,-12720.0,-19148.0,-6785.0,-12532.0,0.104109198686146,0.1250194369987967,-0.9605086045436544,-0.22573133526170883
-10702.91586279869,-5164.0,-7944.0,-11580.0,-17949.0,-8527.0,1187.0,-0.19538056382200691,-0.15243926589942516,-0.347876034704611,-0.9041963116330631
-10702.93181180954,760.0,-6384.0,-12788.0,-19350.0,-852.0,9626.0,0.1315637803615613,-0.08526191379196914,0.6187255788869125,-0.7698051933993175
-10702.947475671768,1152.0,-7496.0,-14896.0,-18439.0,8978.0,12615.0,0.15341163913655642,0.4242048241233283,0.8828706009230617,0.13059340792583296
-10702.963124752045,-2272.0,-9320.0,-14276.0,-15942.0,14643.0,21962.0,-0.22122182539030288,0.6047189038359776,0.029304211052668568,0.764537255160909
-10702.97879934311,-7740.0,-12488.0,-12904.0,-12155.0,17140.0,22427.0,-0.39127957546693015,-0.0862113052784757,-0.8022236215014034,0.44261175511928463
-10702.994460105896,-13268.0,-12996.0,-11500.0,-6951.0,13696.0,18279.0,-0.08251239866106556,-0.7171640301260603,-0.6062329932071343,-0.3336899997118032
-10703.010164737701,-15796.0,-11228.0,-8996.0,-4851.0,6291.0,10207.0,0.16180280615153805,-0.6890389130540376,0.08532743210737607,-0.701259194270392
-10703.025811433792,-14816.0,-9616.0,-8204.0,-6045.0,-1508.0,1170.0,-0.10396621079275044,-0.7507586374229938,0.4414637577732474,-0.48027309514576233
-10703.04141998291,-10548.0,-10152.0,-8684.0,-6045.0,-6615.0,-400.0,-0.20612375345639383,-0.778394854841693,0.5738152158775726,0.14950099078067122
-10703.057027578354,-6584.0,-12284.0,-8216.0,-4422.0,-6852.0,1404.0,-0.14714145527727798,-0.4370607369513316,0.5956728821216694,0.6576481748315793
-10703.072668790817,-4900.0,-14652.0,-10188.0,-993.0,-3520.0,7982.0,-0.3652060991352627,0.15292991226390623,0.7052017939289339,0.5881559120919995
-10703.088301897049,-6108.0,-16572.0,-10868.0,3800.0,-618.0,13269.0,-0.6759966629119776,0.5619217666908544,0.4741820875164168,-0.049231978727981004
-10703.103981494904,-7980.0,-16172.0,-11368.0,9231.0,-1122.0,16139.0,-0.5306191844201603,0.35659114270110337,-0.15235429684091273,-0.7537069764215508
-10703.11960220337,-9068.0,-13472.0,-11376.0,12758.0,-293.0,12268.0,-0.06775014839162137,-0.22620486854149674,-0.7389077485150151,-0.6310757593391689
-10703.135284662247,-10608.0,-10392.0,-11100.0,12794.0,-2568.0,11461.0,0.3581790072980436,-0.651104749224351,-0.6620062367149026,0.0975609902525368
-10703.150898694992,-11380.0,-9396.0,-10680.0,10564.0,-4518.0,6081.0,0.4267972354382872,-0.4190516420919629,-0.24308037943074853,0.7636437456157604
-10703.166510820389,-12896.0,-10484.0,-6668.0,6549.0,-6379.0,5087.0,0.14174011834266484,0.10467584298887898,0.10465971311878558,0.9787742595699319
-10703.182148694992,-14436.0,-16852.0,-7864.0,2762.0,-14187.0,3973.0,-0.0566570536927955,0.8422977472895419,0.0781095896886364,0.5303049831714647
-10703.19776391983,-11200.0,-18628.0,-22208.0,14688.0,-13701.0,-8303.0,-0.30722894993615274,0.6282499758359049,0.6696199896827301,-0.25004281553488833
-10703.213407754898,-5120.0,-7340.0,-24232.0,23968.0,-9178.0,-6190.0,-0.48568621476595747,-0.22942749243074853,0.2915299344556332,-0.7915063005558133
-10703.229006290436,-1088.0,1220.0,-17640.0,16400.0,-1610.0,2977.0,0.0504454052724171,-0.5422816242671847,-0.40278357625339717,-0.7356298605749833
-10703.244609355927,-2668.0,-56.0,-16876.0,-2379.0,9167.0,19531.0,0.7068104382906991,-0.30391649868907317,0.3335588219802812,-0.5447864521324032
-10703.260195493698,-13460.0,-12796.0,-9756.0,-18838.0,9343.0,32767.0,0.4215310615266033,-0.019186587235527804,0.7551598387596407,0.501674253837111
-10703.275826931,-23800.0,-32160.0,-14232.0,1974.0,-8406.0,23125.0,-0.014155805473675849,0.8191719153524386,0.2404411779137254,0.5205237998715034
-10703.291471719742,-17276.0,-16148.0,-17048.0,29804.0,-11878.0,-32768.0,-0.09869043686645296,0.1537530584252589,0.9578885410460826,-0.22151690145132275
-10703.307124137878,-4880.0,8444.0,-12480.0,29237.0,-15941.0,-10090.0,0.2022932808733827,-0.390919747588855,0.20810633632288267,-0.87347062471546
-10703.322739124298,1884.0,17296.0,-13900.0,5318.0,-6571.0,367.0,0.4270821057889243,-0.6366391899482187,-0.24210670806233348,-0.5947064474580664
-10703.338354587555,236.0,8952.0,-13108.0,-18225.0,6915.0,6846.0,-0.04089100944619538,-0.5344144756961133,0.6507872607487649,-0.5377778674880905
-10703.354000091553,-7884.0,-7632.0,-14060.0,-20923.0,5028.0,16911.0,-0.1963383524523101,0.28450112638785663,0.9282349686825457,0.13744163617793032
-10703.369613409042,-14648.0,-20476.0,-14144.0,-7078.0,-1233.0,-3286.0,0.0978386880648809,0.1271023490806616,0.7788895521735076,0.6063032652813881
-10703.38522696495,-12956.0,-18704.0,-13508.0,9731.0,-4664.0,-14925.0,0.5793377156613997,-0.2945680475862108,0.7498268746346658,-0.12392390660840344
-10703.400874853134,-7572.0,-6776.0,-11960.0,15137.0,-3613.0,-4625.0,0.6658893148238318,0.07431320900027677,0.1642620004743865,-0.7239385074518979
-10703.416552066803,-5940.0,1432.0,-11912.0,9431.0,-1373.0,1952.0,0.5700265202089367,0.42981884014148686,-0.3992776677603917,-0.5752415796391459
-10703.432128429413,-6188.0,3816.0,-12308.0,-1496.0,1165.0,-1730.0,0.5656995818510088,0.46294680342052286,-0.1965622379861204,-0.6534734324318022
-10703.447766304016,-8016.0,-1528.0,-12296.0,-7967.0,470.0,466.0,0.7562714239917178,0.0727841555180052,0.2150526092746436,-0.6136027829167968
-10703.463362693787,-9892.0,-8272.0,-12164.0,-8418.0,847.0,-9609.0,0.18625867291215403,-0.4119286430260936,0.5221857751449461,-0.7231490275565307
-10703.478952169418,-11124.0,-11032.0,-13268.0,-2955.0,-1877.0,-14620.0,-0.4589118087687913,-0.7545640607089531,0.09266284367612032,-0.4598332604986579
-10703.494592905045,-9560.0,-8384.0,-14012.0,1749.0,-3770.0,-20771.0,-0.5455473959912313,-0.544253780127109,-0.568268938674741,0.28850697544777426
-10703.511050224304,-7440.0,-3932.0,-13540.0,1715.0,-3766.0,-21265.0,-0.053884341293370025,0.24469615205336323,-0.6339951701805097,0.7316217568671968
-10703.528558254242,-5836.0,-2200.0,-13000.0,-2312.0,-2801.0,-16142.0,0.49595985560219547,0.7558398976996337,-0.24140473710648647,0.3527798514357146
-10703.545811414719,-6124.0,-4600.0,-13428.0,-5389.0,-1546.0,-13163.0,0.7651237217090802,0.5298638857327507,0.246325197092572,-0.2704696847181624
-10703.561534643173,-6688.0,-7804.0,-13436.0,-4777.0,-1914.0,-12657.0,0.4679208560241137,-0.06828471274457966,0.5248340285920888,-0.7077686860372178
-10703.577174425125,-6560.0,-9196.0,-13336.0,-2108.0,-1762.0,-11649.0,-0.12685554182132078,-0.5509604880532839,0.3554393273773001,-0.7443205604219723
-10703.592791557312,-5116.0,-8252.0,-13012.0,1021.0,-2253.0,1206.0,0.06866576460915456,-0.65269652339786,0.36196351358808015,-0.662008063354185
-10703.608436346054,-4392.0,-7052.0,-13680.0,1149.0,1259.0,-1607.0,0.0015744684010115478,-0.6113381826485206,0.20750039464761663,-0.7636797324182055
-10703.624101638794,-5284.0,-5736.0,-13268.0,646.0,2512.0,4119.0,0.24407335119847975,-0.33998221297174536,0.35410940255704554,-0.8363293759747238
-10703.639787912369,-6164.0,-6216.0,-13088.0,264.0,2506.0,6490.0,0.5539196187258169,0.04190159634398591,0.4965588886759912,-0.666968201859231
-10703.655463695526,-7576.0,-7000.0,-13124.0,397.0,3094.0,1420.0,0.47993387059024384,0.2899989825368911,0.5921238427877192,-0.5787516088877329
-10703.671106815338,-8104.0,-6412.0,-12936.0,456.0,778.0,2632.0,0.545128363550948,0.470753991071621,0.5201839101037213,-0.45894928566412363
-10703.686701059341,-7600.0,-6424.0,-12552.0,-525.0,735.0,-401.0,0.5151312702551882,0.4553699215403666,0.5906568248716569,-0.4223772297296923
-10703.7023062706,-6260.0,-6684.0,-12472.0,-1243.0,262.0,2325.0,0.6201338345304683,0.5154350749418046,0.5417966571251172,-0.23710144056568372
-10703.718012094498,-5596.0,-7392.0,-12416.0,-1111.0,1975.0,5316.0,0.6129813808576441,0.6675091636960179,0.3864270858618604,0.17134599620653224
-10703.733617067337,-5760.0,-7412.0,-12760.0,-839.0,3287.0,8149.0,0.33983893470300536,0.6721212261693309,0.05951501387398938,0.6551492340804044
-10703.749255657196,-5884.0,-7576.0,-12820.0,-756.0,4722.0,8871.0,-0.1109325005133204,0.31980633839084766,-0.27339698948188745,0.9003732406047736
-10703.764874458313,-6524.0,-7388.0,-12124.0,-265.0,5553.0,10189.0,-0.5421376842457215,-0.25080652327834724,-0.4444320992175638,0.6675799041214346
-10703.780512809753,-7188.0,-6820.0,-12336.0,-400.0,6640.0,11735.0,-0.6324534617435171,-0.6952389903959171,-0.34008971020850937,-0.03137441588618947
-10703.796112060547,-7728.0,-5864.0,-12388.0,-1724.0,6597.0,9565.0,-0.35953939806572094,-0.6047366422692283,-0.08330599689948684,-0.705751461646422
-10703.81181550026,-7992.0,-6300.0,-12048.0,-4788.0,7269.0,6707.0,-0.10550460847142788,-0.04011936081478553,0.24362925963020313,-0.9632777368605292
-10703.827442646027,-7504.0,-7728.0,-11488.0,-7018.0,9404.0,9944.0,0.3022360288658481,0.6132456381134151,0.46718361647567336,-0.5606448418446239
-10703.84306526184,-8164.0,-9288.0,-12272.0,-7371.0,12617.0,16967.0,0.4611282353675126,0.7871863220952706,0.11517368937992226,0.3929802363065884
-10703.85868358612,-10012.0,-8772.0,-15304.0,-6823.0,16005.0,23993.0,-0.019499255400589256,0.07387827655748308,-0.40499333749581545,0.9111213837221247
-10703.874275445938,-13088.0,-7340.0,-18928.0,-7930.0,17625.0,24451.0,-0.4450039410187441,-0.75163408648009,-0.4221475417411469,0.2425059700727661
-10703.889867544174,-15516.0,-7292.0,-19424.0,-10648.0,16530.0,21538.0,-0.36207636227271134,-0.5417996135599134,0.045045860858945366,-0.7571821161709811
-10703.905514717102,-16588.0,-9096.0,-18240.0,-11329.0,12938.0,16994.0,0.07473525797481702,0.3160756191267096,0.5089998593562357,-0.7971386249482815
-10703.921262264252,-14084.0,-9488.0,-17600.0,-10400.0,13005.0,10276.0,0.2520283196800064,0.813265033154372,0.5224802765189239,0.04578288519085794
-10703.936885118484,-12492.0,-9412.0,-11724.0,-9199.0,15505.0,20422.0,0.04506281640699564,0.5739074822749917,-0.24146823203454765,0.7812122869517346
-10703.952531576157,-16408.0,-11196.0,-2032.0,-8358.0,14647.0,28967.0,-0.3890292567919909,-0.34552132232445704,-0.713119729897581,0.4698207147517348
-10703.968129873276,-22048.0,-14604.0,-268.0,-4856.0,7838.0,31535.0,-0.4415005416839151,-0.81160491760327,-0.07483111228604052,-0.3751999920696065
-10703.983771800995,-22388.0,-15096.0,-2976.0,3210.0,-416.0,25483.0,0.2516495901357764,-0.45431359082127526,0.6685588705424289,-0.5322599755745367
-10703.999377965927,-21876.0,-11968.0,-4812.0,8371.0,-8262.0,13472.0,0.9125061521357999,0.07119400262624426,0.3411563251330651,-0.214187530276795
-10704.01502609253,-16376.0,-9224.0,-7660.0,9282.0,-10689.0,13307.0,0.7223612238692371,0.5114362919464444,-0.3891088685729287,0.25538494459952926
-10704.030656814575,-15220.0,-9412.0,-10488.0,11100.0,-14066.0,20401.0,-0.27436813233054047,0.3234275847260462,-0.753887777124023,0.5017668232383712
-10704.046252012253,-14632.0,-10116.0,-11804.0,13781.0,-13366.0,19920.0,-0.9241387923907134,-0.2800762506083492,-0.1502969860066819,0.2119801930396094
-10704.061829090118,-16372.0,-8048.0,-11732.0,15827.0,-15364.0,23574.0,-0.3930171871823463,-0.5290416736531479,0.6548003024820598,-0.36998508346547665
-10704.077447652817,-17676.0,-3580.0,-11888.0,13555.0,-18160.0,22489.0,0.6745748815495414,-0.09969118594490342,0.6344809869649538,-0.363928940601457
-10704.093058347702,-18388.0,404.0,-14308.0,6557.0,-23961.0,17535.0,0.9222528185437465,0.17502877757092583,-0.29321713893885565,0.18121361743162243
-10704.108710050583,-16296.0,20.0,-15916.0,-1466.0,-27715.0,6421.0,0.04989380135955163,0.12356313181825183,-0.9871246102717971,0.08847465646676236
-10704.124322652817,-13900.0,-2904.0,-18564.0,-4139.0,-29433.0,4200.0,-0.8821382360071903,-0.010360725018754256,-0.42521662132303056,-0.202276080893997
-10704.13996052742,-11724.0,-6208.0,-20144.0,-1771.0,-29738.0,2964.0,-0.6917316171561959,-0.18191528073490298,0.6784355275413902,-0.1677481309322134
-10704.155557394028,-9700.0,-6592.0,-20700.0,3028.0,-26906.0,-3820.0,0.34539602154554616,-0.3805659133616591,0.8493819135440113,0.12008971159940637
-10704.171160697937,-8080.0,-4832.0,-19932.0,7754.0,-23965.0,-2720.0,0.9922800833166718,-0.04015867784432943,0.04867708767667413,0.10676168780125059
-10704.186794996262,-8652.0,-2560.0,-16944.0,9200.0,-23258.0,3009.0,0.4535625293405854,0.40822904040987684,-0.7738469941454756,0.16967885017353837
-10704.2024269104,-9880.0,-1764.0,-16800.0,8417.0,-22771.0,39.0,-0.5911217612491644,0.4592261047353405,-0.6623821758029284,-0.03059904060376167
-10704.218056201935,-10708.0,-2532.0,-15568.0,8098.0,-23797.0,-3643.0,-0.9462466262499999,0.07758319691001132,0.2834903757244956,-0.13502361548744
-10704.23364186287,-10464.0,-2924.0,-15680.0,9081.0,-24964.0,-14056.0,-0.1979374233951839,-0.46814859324321356,0.8312410888950278,0.22515755194237735
-10704.249230623245,-9264.0,-1712.0,-16632.0,10193.0,-25464.0,-21955.0,0.7743370847199347,-0.5384327440347344,0.17808865746916205,0.2806718537001714
-10704.26485657692,-7480.0,244.0,-15576.0,9518.0,-24400.0,-22519.0,0.677739251431062,0.11089678871875762,-0.7228712594621453,-0.07634495114375947
-10704.280457258224,-6696.0,1308.0,-14840.0,7104.0,-22068.0,-18559.0,-0.3265242594259607,0.5596998742200683,-0.6824645703359729,-0.33817165617553385
-10704.296092510223,-6608.0,488.0,-13420.0,3670.0,-19563.0,-22213.0,-0.8343316400576088,0.43070695021057526,0.3053699354108102,-0.15852898784223501
-10704.31176829338,-6820.0,-1256.0,-13752.0,299.0,-18231.0,-30140.0,-0.24021425396104398,-0.19991112604170674,0.8542831209580599,0.4153709223390978
-10704.32737159729,-5520.0,-2208.0,-17292.0,192.0,-17208.0,-32768.0,0.6606953834003809,-0.598325614508537,0.19234570131048453,0.410476796620446
-10704.3429749012,-2596.0,-1116.0,-18048.0,2597.0,-13601.0,-32083.0,0.6773552553124882,-0.1558645330844051,-0.6774203026007194,-0.24082740510848025
-10704.35862827301,8.0,1588.0,-16228.0,4210.0,-7813.0,-28970.0,-0.1189658697561405,0.5806026470335675,-0.5737595065460266,-0.5652855178923653
-10704.37421798706,1436.0,4792.0,-12240.0,204.0,-753.0,-22809.0,-0.5797843354605867,0.7554338283849625,0.26003781270146914,-0.15984427187610023
-10704.38981127739,304.0,5332.0,-10328.0,-9409.0,5637.0,-13648.0,-0.15195169812103326,0.5478412867974528,0.5507904966660692,0.6110731827699448
-10704.405408859253,-2504.0,2068.0,-12844.0,-15877.0,6898.0,-183.0,0.15756382757423373,0.21077808535747392,-0.2089087286422848,0.9418616576070282
-10704.421006917953,-4868.0,-1828.0,-18760.0,-15604.0,8292.0,-10908.0,0.7209509622891483,-0.2349857866225637,-0.568682282762897,0.3187661389346532
-10704.436575889587,-5008.0,372.0,-20104.0,-11061.0,9760.0,-20182.0,0.641592859899508,-0.08373287180805117,-0.2818456169357408,-0.7084563899908436
-10704.452148199081,-3304.0,7020.0,-24768.0,-9416.0,9136.0,-16066.0,-0.09471864398701703,0.16882875170280298,0.33566557005279507,-0.9218751846974005
-10704.467769861221,-4600.0,23720.0,-32384.0,-4669.0,32201.0,7836.0,-0.10970405780331498,0.9807120175524051,0.10676410174289831,-0.12153347238028807
-10704.483363866806,-15168.0,20436.0,11728.0,-32768.0,32767.0,32767.0,0.541698781671562,0.38532370216434947,-0.5271966183692846,0.5292936803570357
-10704.498955488205,-32768.0,-21144.0,-32768.0,-32768.0,14090.0,32767.0,0.17912314972387156,-0.7648552305376795,-0.5701728372927398,0.24044606290330364
-10704.51461648941,-32768.0,-32768.0,-32768.0,-31023.0,5330.0,-32768.0,-0.22960779675408258,0.06577404539814727,-0.8130745798270186,-0.5309084311449722
-10704.530232906342,-32648.0,-32768.0,-22824.0,9305.0,-5246.0,-32768.0,-0.6857053860931577,0.6188061730207002,-0.29998430781324625,0.238529785939023
-10704.545835494995,848.0,-12308.0,-5736.0,32767.0,-32768.0,32767.0,-0.7906862722919589,-0.3003105790440311,0.11347926194119769,-0.5212976424582851
-10704.561436891556,13516.0,3636.0,-23476.0,32767.0,-17825.0,-32768.0,-0.28021664632841425,-0.8313493002627453,-0.2261807332645888,0.4232956980327028
-10704.577048778534,20176.0,32767.0,-14144.0,15004.0,16642.0,-29338.0,0.6583148960240812,-0.36578393535298737,-0.6543734102026093,0.06796359562510136
-10704.592718601227,14988.0,32767.0,-22036.0,-32768.0,30827.0,32767.0,0.23759266452577235,-0.8675832376509165,0.39691016255491457,-0.18251403883353318
-10704.60833144188,-2204.0,7084.0,-28544.0,-32768.0,32767.0,29243.0,-0.5962150216415112,-0.0025019857405892457,0.7803317362063302,-0.18868961154653047
-10704.624022245407,-32768.0,-26524.0,-28288.0,-32768.0,26027.0,32767.0,-0.3869332504733129,0.919429054528804,-0.005734706421736669,0.06999990363338042
-10704.639607667923,-24696.0,-32768.0,-17524.0,10001.0,22807.0,-28840.0,-0.2885282458936967,0.13151513252345523,0.4605734342483321,0.8290520688735671
-10704.655228853226,-32632.0,-15348.0,-15288.0,32767.0,-8182.0,-32768.0,0.4815136129830882,-0.33568167294545714,0.8075621557312407,0.057496257193172105
-10704.67081284523,-15900.0,7220.0,-19280.0,32767.0,-20400.0,-32768.0,0.6718149202817827,-0.25732421678746137,-0.18653324022391313,-0.6690697352541582
-10704.686429023743,-5304.0,20172.0,-10168.0,16556.0,-14669.0,-28703.0,-0.2626672628834109,0.09776054393522692,-0.8013425474392432,-0.5284873761239809
-10704.702024459839,-512.0,18584.0,-6436.0,-16625.0,-8640.0,-444.0,-0.3887741103624287,0.058024390555204516,0.08724081160961154,-0.915356161284937
-10704.717640399933,-2732.0,5228.0,-11316.0,-32768.0,-1081.0,6616.0,0.10175122199720203,0.36753768607957216,0.8776424966357729,-0.29035562028704964
-10704.733260631561,-9604.0,-11404.0,-17660.0,-31868.0,-2191.0,6477.0,0.4829007481906845,0.17414641783871607,0.4835343752580468,0.7089953458906701
-10704.748872995377,-13568.0,-24196.0,-17424.0,-14321.0,-5757.0,-22736.0,0.9045030187932891,-0.3974699943088198,-0.11532156312083985,0.10292147345107235
-10704.764459609985,-10024.0,-22536.0,-15452.0,8199.0,-6857.0,-29964.0,0.4707342441596558,0.20758269702992735,-0.5497682289222847,-0.6580832696071778
-10704.780084609985,-3024.0,-9976.0,-13700.0,19033.0,-5029.0,-7986.0,-0.2725611800272097,0.5145038038158862,-0.8092875254889814,-0.07778136080759009
-10704.79570555687,724.0,-548.0,-12600.0,15406.0,5340.0,5884.0,-0.30159410228519423,-0.1274899253378627,-0.7197136368561832,0.612208785731943
-10704.811342716217,-2008.0,2764.0,-11396.0,6502.0,12384.0,19526.0,-0.21295841677696972,-0.9415532756468609,-0.20720031041978518,0.15872672492197834
-10704.826960802078,-8144.0,600.0,-10968.0,-670.0,12903.0,28912.0,-0.1480190578491433,-0.5548429701826935,0.6531087652153107,-0.4936482328047282
-10704.842626094818,-14048.0,-4056.0,-12444.0,-3603.0,8290.0,22345.0,0.07206257960679953,0.48195257313259365,0.7656150399569648,-0.4199551314878539
-10704.858222484589,-16796.0,-7772.0,-11704.0,-2985.0,275.0,6866.0,0.36084013495302075,0.7800850442090932,0.4919539770375244,-0.13871915976297414
-10704.873824357986,-15168.0,-8876.0,-11868.0,-1654.0,-6019.0,-7651.0,0.4840972147300385,0.2473432078876001,0.6388572152004978,-0.544364476053274
-10704.889419078827,-10016.0,-7668.0,-12948.0,-543.0,-8805.0,-10076.0,0.3302506635671122,-0.49120600220465077,0.3318816265220728,-0.7345105503589925
-10704.905009508133,-5132.0,-5700.0,-14192.0,84.0,-6754.0,-3067.0,0.27943623404579954,-0.8483815672201677,0.0005178798324409686,-0.44962633297420684
-10704.92078089714,-2084.0,-5488.0,-13620.0,129.0,897.0,6538.0,0.4726346438881727,-0.7017732806925376,0.43451058675174137,-0.30875768152936794
-10704.936400651932,-3576.0,-5944.0,-12800.0,2442.0,6854.0,18333.0,0.430067404402944,0.13994982293632677,0.8912897732548448,-0.03253636152879934
-10704.952049016953,-7008.0,-6108.0,-12996.0,4722.0,8474.0,21077.0,-0.10055564919550132,0.8770245450935925,0.4156486502500049,0.2189810682766836
-10704.967641353607,-10184.0,-4492.0,-14568.0,5661.0,7821.0,12660.0,-0.6189082180157136,0.6642553832393304,-0.30017427249839634,0.29259666717213795
-10704.983251571655,-12112.0,-2880.0,-13188.0,5131.0,6399.0,8692.0,-0.6717076436228817,-0.002695587201624494,-0.7051179937794287,0.22717876255651037
-10704.998834609985,-13372.0,-3024.0,-9972.0,2329.0,1357.0,4316.0,-0.6151329860889488,-0.3945007686492125,-0.6741843275721636,0.10703291744385507
-10705.014491558075,-12464.0,-3188.0,-10904.0,-936.0,-2038.0,-6074.0,-0.6183988196846004,0.027978716089512436,-0.6815297537946159,0.39027847231345697
-10705.030085802078,-10636.0,-3936.0,-11792.0,-2063.0,-3213.0,-6958.0,-0.4664447180903306,0.544619508476344,-0.4617564451040287,0.5221110048232155
-10705.045676231384,-8516.0,-4448.0,-12548.0,-2004.0,-1902.0,-6440.0,-0.13172248382121785,0.829620463163383,-0.14486007359971065,0.5228715266996562
-10705.061349868774,-8108.0,-4648.0,-13520.0,-993.0,-615.0,-6247.0,0.19015353412643096,0.8292197302806786,0.23536777941115736,0.46993433667644213
-10705.076939105988,-8336.0,-3996.0,-14104.0,-1127.0,-385.0,-6343.0,0.47026138946795254,0.6065106030570699,0.5592587440185488,0.31341469524228616
-10705.092544794083,-8660.0,-4724.0,-12584.0,-2890.0,-978.0,-5548.0,0.7200215755886901,0.21344692689041322,0.6423485197831881,0.15296313026401562
-10705.108116388321,-8924.0,-6896.0,-11096.0,-2329.0,30.0,-4586.0,0.7506132602456577,-0.17375237632622956,0.6374752729306857,-0.003888658678851892
-10705.123786687851,-9204.0,-7764.0,-8888.0,-2098.0,591.0,-2092.0,0.6623862175568636,-0.41332615473080037,0.6239969874773824,-0.032151955233136374
-10705.139396190643,-9488.0,-7296.0,-9964.0,-2098.0,1585.0,-1021.0,0.4829235043855332,-0.5688168693171176,0.664933468055453,-0.033101981089007304
-10705.154992103577,-10680.0,-6384.0,-11420.0,-2149.0,2200.0,702.0,0.24146882126349453,-0.5902903220340582,0.7701380963077823,0.011724192337697477
-10705.170646429062,-10888.0,-4944.0,-11780.0,-2485.0,890.0,-3073.0,0.05372733466827148,-0.8014949426193844,0.5920957286473529,0.06435742834011735
-10705.186242341995,-10212.0,-3820.0,-12900.0,-3168.0,-363.0,-7023.0,-0.09079374288726923,-0.9765770919229165,0.0674175512405807,0.1830534172547012
-10705.201837301254,-8608.0,-3052.0,-14024.0,-4456.0,-2383.0,-7955.0,-0.2542469917352467,-0.733694808583138,-0.512022303604895,0.3672649665607471
-10705.217494726181,-6776.0,-3652.0,-14764.0,-6200.0,-2644.0,-10357.0,-0.29726277088763103,-0.033150531336491804,-0.8943676666480918,0.33262946978697455
-10705.233096837997,-5788.0,-5592.0,-15240.0,-4476.0,-2306.0,-10318.0,-0.13460207045698414,0.6747181497066074,-0.702542291626321,0.18185716802376217
-10705.248730897903,-5200.0,-6092.0,-15600.0,-1494.0,-24.0,-10071.0,0.08339987326219599,0.9794052920534948,-0.09943908230496197,0.15466610471530345
-10705.264324188232,-5704.0,-5308.0,-14200.0,1379.0,1955.0,-5338.0,0.04841302922168126,0.8990563863142446,0.3470857402588766,0.2624600574146481
-10705.279955625534,-6744.0,-4888.0,-12128.0,2026.0,4200.0,-1602.0,-0.18479304590561757,0.7008324090757267,0.49326707297131467,0.48101253548774486
-10705.295556783676,-8488.0,-4996.0,-10376.0,520.0,4957.0,1078.0,-0.43422028201567153,0.4850041434836762,0.3373612449394004,0.6800081748794159
-10705.311136484146,-11148.0,-5472.0,-10844.0,-1181.0,3475.0,2499.0,-0.5919970199588329,0.37038082414907003,0.027731204885126842,0.7152541882003458
-10705.326790809631,-12520.0,-5912.0,-12464.0,-2233.0,-4.0,-3766.0,-0.2660072509708022,0.4455763875638252,0.009365380987932817,0.8547596825514638
-10705.342388391495,-10912.0,-6272.0,-13420.0,-2015.0,-4260.0,-9220.0,0.3736713883232374,0.595597014281805,0.23469766184184432,0.6712308825234093
-10705.358008861542,-7600.0,-5560.0,-13804.0,-1401.0,-4985.0,-11142.0,0.8192790265935738,0.4186283673923336,0.38827738896789266,0.05265772321883518
-10705.373585700989,-4548.0,-4920.0,-13548.0,-1803.0,-2512.0,-5673.0,0.867750341111545,0.09504933937226183,0.3553101596226391,-0.33425986755012715
-10705.389182329178,-3640.0,-5696.0,-13804.0,-1718.0,1802.0,2630.0,0.8607276684223469,0.0944161697008223,0.49614914671047866,-0.0637925695494365
-10705.404778003693,-5416.0,-6856.0,-13276.0,-186.0,4541.0,5496.0,0.5909810414867358,0.2917011573111337,0.6734483252272611,0.33484204735247264
-10705.420351266861,-7972.0,-6592.0,-13224.0,1584.0,4041.0,4525.0,0.1586286163353685,0.45722732332186844,0.7133523986960367,0.5068614131713486
-10705.435980796814,-9160.0,-5440.0,-13300.0,1392.0,1355.0,2262.0,-0.07870878443703823,0.5394468711756517,0.6808889306563434,0.48907286220041385
-10705.451565027237,-8640.0,-4820.0,-12712.0,320.0,-299.0,1080.0,-0.12141717968163217,0.6111036633656571,0.6425392785546095,0.4460419897428427
-10705.467147111893,-7520.0,-5192.0,-12456.0,-691.0,-361.0,793.0,-0.09468924432235501,0.6738748288171853,0.5745484875482417,0.45477543639943685
-10705.482737064362,-6880.0,-5632.0,-12760.0,-519.0,97.0,3885.0,-0.21119255774770343,0.8224193640261349,0.30721494714635605,0.42970113972002955
-10705.498335838318,-6832.0,-5892.0,-13412.0,31.0,1573.0,5109.0,-0.40525472006435204,0.8155692367732272,-0.07916508480443976,0.40539896551743315
-10705.513946056366,-7484.0,-5584.0,-13584.0,1042.0,2368.0,6009.0,-0.5867063210614464,0.5675419536046628,-0.4809849080618186,0.3198833255140221
-10705.529547214508,-8252.0,-5056.0,-13284.0,1620.0,2423.0,5543.0,-0.6316462138191458,0.1618089581685226,-0.7322872869375237,0.1964592858941426
-10705.545162677765,-8884.0,-4800.0,-12608.0,1053.0,1638.0,3729.0,-0.5684697780514525,-0.1525699853345433,-0.8048246359837196,0.07630082785149203
-10705.560742139816,-8980.0,-4720.0,-12504.0,-209.0,529.0,1655.0,-0.5386463050719476,-0.25889097811046796,-0.8013122380209435,-0.027098278233321484
-10705.576320886612,-8740.0,-5240.0,-12636.0,-1251.0,-372.0,631.0,-0.5865794543822761,-0.2430893987309457,-0.7607387901385236,-0.13456812809797755
-10705.591926574707,-8332.0,-5708.0,-12940.0,-1233.0,-759.0,-392.0,-0.6619347248640852,-0.16141707715005574,-0.7098689372863483,-0.17853021900897184
-10705.60754776001,-7636.0,-5964.0,-13156.0,-408.0,-384.0,-1272.0,-0.7059512875583887,-0.06447888103512155,-0.6943642772220903,-0.12382852665260892
-10705.6231610775,-7180.0,-5308.0,-13200.0,-81.0,138.0,-516.0,-0.7026549661030577,-0.026614650816479964,-0.7043191953228463,-0.09747886987653116
-10705.638796329498,-7300.0,-4848.0,-13696.0,-298.0,525.0,282.0,-0.6673578905490014,-0.021089617401678123,-0.7322869039516821,-0.1339573225348199
-10705.654385566711,-7780.0,-4836.0,-13984.0,-515.0,581.0,-199.0,-0.6317668466142903,0.0284269646260831,-0.758803051401397,-0.15582197657940255
-10705.670003414154,-8164.0,-5292.0,-13432.0,-218.0,-3.0,-1756.0,-0.6474362559465583,0.15494392548301614,-0.7426790944782184,-0.07243229298337575
-10705.685591220856,-8004.0,-5288.0,-12724.0,49.0,-379.0,-3459.0,-0.6643456501946786,0.3579009229158593,-0.64584584502644,0.11590914936047804
-10705.701182603836,-7628.0,-4868.0,-13304.0,-291.0,-431.0,-3090.0,-0.625144283135448,0.5337564136320875,-0.5088228420283905,0.25573038849505264
-10705.71677350998,-7592.0,-5176.0,-13348.0,-1248.0,46.0,-1173.0,-0.5327077010928364,0.645783900017637,-0.47940573832581196,0.2633548893312582
-10705.73238658905,-7692.0,-6104.0,-13140.0,-670.0,79.0,-1344.0,-0.4567118697951243,0.7251910947727005,-0.41932302891467704,0.2994667618825747
-10705.748003005981,-8028.0,-5940.0,-12848.0,298.0,176.0,-3216.0,-0.37055512636882987,0.7954228880066051,-0.20711720008311268,0.4325434001192761
-10705.763575077057,-7756.0,-4868.0,-13380.0,2.0,-151.0,-3014.0,-0.25107232732744295,0.8274716097710685,0.006704517650756004,0.5022036149972725
-10705.779160261154,-7640.0,-4840.0,-13216.0,-819.0,-274.0,-1966.0,-0.10379212377301542,0.8417768329250982,0.11668906829458826,0.5167423148280189
-10705.794734477997,-7564.0,-5448.0,-13172.0,-684.0,20.0,-2107.0,0.04049999770619365,0.8107501988985735,0.23606193360208272,0.5341522523361367
-10705.810313463211,-7552.0,-5628.0,-12868.0,-353.0,452.0,-1921.0,0.14350014471950512,0.7377877396165581,0.3518198054561341,0.5579424560165495
-10705.825995445251,-7796.0,-5352.0,-13036.0,-8.0,-38.0,2009.0,0.046593071445344594,0.7893126988105801,0.2183173551738314,0.5719720986372941
-10705.84159898758,-7916.0,-5508.0,-13312.0,-497.0,413.0,-535.0,0.09935977347217599,0.7546140842598599,0.2314438176051073,0.605903439951107
-10705.857188224792,-7920.0,-5608.0,-13064.0,-482.0,-318.0,-74.0,0.14121223605389,0.7649182367303309,0.20783019762241128,0.5930984778788858
-10705.872777700424,-7404.0,-5468.0,-13704.0,-102.0,-707.0,-2056.0,0.26252157965129286,0.7497039774066642,0.3253127551613469,0.5130282426995136
-10705.888369321823,-6760.0,-5396.0,-13740.0,-530.0,-42.0,-904.0,0.3373896012674637,0.7109383497837353,0.35835362783625413,0.5023122506767645
-10705.903991699219,-6640.0,-5992.0,-13240.0,-122.0,846.0,2605.0,0.19860044504516725,0.7312312705066236,0.21042917067692252,0.6177202088238275
-10705.919647693634,-7420.0,-6208.0,-12848.0,1093.0,1991.0,2753.0,-0.053693249412695904,0.662170269651544,0.12239518212681916,0.7373377708684468
-10705.935306310654,-8380.0,-5132.0,-12736.0,1787.0,1713.0,3850.0,-0.3929103118835158,0.5431145333443511,0.006338797291702922,0.7420295884495718
-10705.950906515121,-8928.0,-4592.0,-12876.0,436.0,1253.0,1769.0,-0.5192920542692726,0.4400498950095814,-0.0907307470869897,0.7269523944577745
-10705.966490983963,-8844.0,-4808.0,-13000.0,-688.0,-336.0,258.0,-0.5106497328974852,0.4894258207401969,-0.12898294485543943,0.695027061502594
-10705.982075929642,-8060.0,-5344.0,-12988.0,-962.0,-858.0,-987.0,-0.4152142397393573,0.589710341971105,-0.10611199930764958,0.6845283714302303
-10705.997672319412,-7676.0,-5596.0,-13308.0,-787.0,-872.0,-1174.0,-0.30943365944568624,0.6743176681331262,-0.06066167723901925,0.6677324716981368
-10706.013310909271,-6872.0,-5636.0,-13488.0,-417.0,-178.0,-337.0,-0.265898488240282,0.6970690666912325,-0.06038838805746997,0.6631334351407467
-10706.028920173645,-6944.0,-5508.0,-12596.0,-157.0,954.0,1173.0,-0.31647535689011275,0.6339322426433518,-0.16169393771489146,0.6868976129851515
-10706.044562101364,-7776.0,-5308.0,-12484.0,180.0,1443.0,2513.0,-0.44276678762777155,0.49159153241286635,-0.3198658120919288,0.6782191381025194
-10706.060150146484,-8832.0,-4736.0,-12776.0,-87.0,629.0,1688.0,-0.5150498852432093,0.40568140992832663,-0.41684621885085205,0.6295914859488407
-10706.075768470764,-9144.0,-4404.0,-13288.0,-1223.0,-893.0,-1295.0,-0.4266686327795109,0.5486284341563237,-0.3924310554092699,0.6024604433384898
-10706.091352939606,-8704.0,-4932.0,-13468.0,-2022.0,-2227.0,-3551.0,-0.2033058091566203,0.7992888220211697,-0.22795138768010462,0.5175348218331765
-10706.106924057007,-7008.0,-5740.0,-13464.0,-1976.0,-1934.0,-3456.0,0.04860825173055122,0.9240232048726537,-0.03911519755646347,0.3772112883261692
-10706.122506141663,-6312.0,-6292.0,-13372.0,-1230.0,-696.0,-1069.0,0.17837938243380222,0.9343589230732338,0.0035645310165551666,0.3084501465627696
-10706.138136386871,-6400.0,-6144.0,-13612.0,-216.0,860.0,17.0,0.19453418433344274,0.9052549320277766,0.009711034226864378,0.3775919159348516
-10706.153730154037,-7372.0,-5464.0,-13540.0,268.0,1200.0,980.0,0.1386170719172097,0.8631273084716473,-0.03816564402753287,0.4840867074807494
-10706.169305801392,-8268.0,-4924.0,-13564.0,222.0,860.0,-349.0,0.13892541961863267,0.8279155035521957,0.007856624509199004,0.5433175132581524
-10706.184901714325,-8528.0,-4636.0,-13188.0,-318.0,63.0,-1053.0,0.2107471406824684,0.8167284804757604,0.06929594485259644,0.5326709152008443
-10706.200511693954,-8392.0,-4652.0,-13304.0,-1026.0,-783.0,-2222.0,0.38235211729058954,0.8010602742993277,0.16158495046321783,0.43127670830533915
-10706.216108560562,-7776.0,-5328.0,-13776.0,-1650.0,-1501.0,-3399.0,0.6094878213147831,0.7112408344976383,0.2705618012213875,0.2223901588018239
-10706.23173069954,-6928.0,-6056.0,-13532.0,-1062.0,-1259.0,-2474.0,0.7288869856432203,0.6009921564411325,0.3259006700711164,0.036344783716165424
-10706.247304916382,-6584.0,-6132.0,-13276.0,-65.0,233.0,-326.0,0.7260705135078918,0.5865820503078146,0.3575905189963035,0.029531820042474826
-10706.26289987564,-6936.0,-5504.0,-13196.0,292.0,915.0,1281.0,0.672555237989609,0.6366194465404104,0.3475803259071276,0.14687766740255873
-10706.278489112854,-7932.0,-5096.0,-13316.0,487.0,1265.0,1279.0,0.5829116129738385,0.678965373265737,0.3525697579432435,0.27370538750671075
-10706.294082403183,-8668.0,-4800.0,-13012.0,-107.0,-249.0,-85.0,0.5986434648490953,0.6767399231053178,0.3424423056765781,0.25764771637215705
-10706.309671163559,-8464.0,-4808.0,-13048.0,-525.0,-1216.0,-1997.0,0.695713581331845,0.6039857336858326,0.37705673016109265,0.09493191504773175
-10706.325359582901,-7760.0,-4996.0,-13224.0,-843.0,-1945.0,-2677.0,0.7917504328577701,0.46087837185967356,0.3769091222965898,-0.13660853542558854
-10706.340954780579,-7088.0,-5152.0,-13352.0,-858.0,-1569.0,-2694.0,0.8137931832951225,0.2833029394259095,0.3727776149203158,-0.34426290701925927
-10706.35654759407,-6664.0,-5404.0,-13472.0,-743.0,-1095.0,-606.0,0.8426739177995931,0.1765743573715385,0.32995781782496125,-0.38710464093743746
-10706.372149467468,-6884.0,-5532.0,-14188.0,78.0,-712.0,-550.0,0.8406804623602562,0.14201654030984587,0.28286608311260697,-0.43940236857429354
-10706.38776087761,-6948.0,-5628.0,-14200.0,292.0,-951.0,-1221.0,0.8060579308017723,0.09596426660165121,0.21532128865615444,-0.5428611372889252
-10706.40334200859,-6732.0,-6052.0,-12688.0,-155.0,-145.0,465.0,0.831210124567094,0.08686180031549803,0.2086758668742642,-0.5079361564678982
-10706.418897628784,-7264.0,-6728.0,-12124.0,874.0,632.0,3124.0,0.9142218042606831,0.2259406561572055,0.18487984699324114,-0.2810137980337414
-10706.434507131577,-8288.0,-6112.0,-12700.0,1922.0,782.0,1873.0,0.8836501672099829,0.4164952639750966,0.1588606645611683,-0.14302924991507052
-10706.450075626373,-9012.0,-4384.0,-13556.0,2143.0,-496.0,196.0,0.8002217749729797,0.5679546932361609,0.0854279474400009,-0.17255330505759783
-10706.465646266937,-8936.0,-3408.0,-13400.0,564.0,-1235.0,-1502.0,0.7470990766918656,0.5689102983042054,0.06432968228182732,-0.337706579839809
-10706.481261253357,-8352.0,-4036.0,-13032.0,-690.0,-2215.0,-629.0,0.7585876797413271,0.4456289743032985,-0.02773464105066146,-0.4745422416306591
-10706.496891498566,-7940.0,-5372.0,-13448.0,-450.0,-2559.0,-2616.0,0.6296310340559337,0.3012132522697812,-0.07290689606712476,-0.7124043248862083
-10706.512511730194,-7040.0,-5924.0,-13508.0,576.0,-2140.0,-2050.0,0.4577144130724873,0.20607994380379607,-0.16654588069441292,-0.8486996185054256
-10706.528139352798,-6564.0,-5984.0,-13440.0,1398.0,-1068.0,448.0,0.4446111532191732,0.174422430008547,-0.3167437578537033,-0.819494435736903
-10706.543757200241,-7000.0,-6212.0,-12708.0,1753.0,-65.0,2166.0,0.5547770367066371,0.17313429390439788,-0.46410015877989697,-0.6684743812874976
-10706.559342861176,-8080.0,-6048.0,-12576.0,2372.0,-129.0,2303.0,0.6225222645325785,0.1799930795838687,-0.6183724657540429,-0.4446167057819695
-10706.574924230576,-8760.0,-5552.0,-13244.0,2474.0,-758.0,657.0,0.5532531568841783,0.24311725147511354,-0.7460247778109091,-0.2797355489119338
-10706.590507745743,-8844.0,-4932.0,-12980.0,1938.0,-1519.0,199.0,0.40848074274821966,0.2802744599121541,-0.8514437066765252,-0.17214332483646436
-10706.60607624054,-8600.0,-5436.0,-12248.0,1497.0,-1729.0,-175.0,0.23582775563137282,0.31446439095552564,-0.9132359200697255,-0.10722672609588342
-10706.621630907059,-8228.0,-5880.0,-12852.0,1762.0,-2155.0,-420.0,0.01118436148201009,0.35353257244575653,-0.9347556223634608,-0.033489651207871125
-10706.637209415436,-8088.0,-5436.0,-12972.0,1155.0,-2279.0,-607.0,-0.2070484731006112,0.3874607560274479,-0.8982807952083642,-0.009833884541355175
-10706.652779102325,-7464.0,-6568.0,-12468.0,1218.0,-1831.0,328.0,-0.38452681037554415,0.331976989289158,-0.8611725233615459,0.01767188988264044
-10706.668344974518,-7584.0,-6988.0,-12344.0,2171.0,-576.0,1926.0,-0.4778529353656125,0.11174528867841906,-0.8659324612300333,0.0965946955517808
-10706.683943033218,-8512.0,-6260.0,-13624.0,3456.0,-599.0,2559.0,-0.5406481042809059,-0.2062742294948952,-0.7826539597136318,0.22935419971808402
-10706.699535131454,-8956.0,-5504.0,-13136.0,3839.0,-1206.0,-823.0,-0.5057091500056932,-0.28901713536350143,-0.6250111203561558,0.5197003468326125
-10706.715123414993,-8468.0,-5096.0,-11680.0,3156.0,-1692.0,-759.0,-0.46090789875760485,-0.295531095095004,-0.4063865520566212,0.7314883806338471
-10706.73072886467,-8148.0,-5212.0,-11324.0,1835.0,-1202.0,1402.0,-0.5320717589093831,-0.333958815892326,-0.1999189078377494,0.7519332303787566
-10706.746329545975,-8888.0,-6364.0,-12384.0,1656.0,-1170.0,2698.0,-0.6534334057039549,-0.36579337652427557,0.039748969137644176,0.6615436564986432
-10706.761942148209,-9464.0,-7008.0,-12616.0,2676.0,-2028.0,166.0,-0.5473905552667316,-0.3847457720692619,0.3022357012567758,0.6789608617331576
-10706.777519702911,-8984.0,-6492.0,-12624.0,3612.0,-2361.0,-2001.0,-0.22635541802710007,-0.43447028854323705,0.5188649114610494,0.7005554915618394
-10706.793140649796,-8336.0,-5664.0,-12424.0,3368.0,-2258.0,-72.0,0.007716585661909413,-0.3454212988641819,0.7227441637672125,0.598552799957645
-10706.808732748032,-8124.0,-5896.0,-11820.0,2562.0,-1267.0,1601.0,0.07825639899240251,-0.16987321885780476,0.8692227090392065,0.4576799183077332
-10706.824344158173,-8620.0,-6704.0,-11460.0,2276.0,-1277.0,2063.0,0.12158565673352113,0.05098684642605932,0.9431136584472272,0.3052112331132175
-10706.839997529984,-9016.0,-7640.0,-11568.0,2874.0,-762.0,1518.0,0.12594168502744427,0.2176272945727225,0.9647342340490758,0.07787753387947564
-10706.855593442917,-9324.0,-7028.0,-11524.0,3655.0,-756.0,1819.0,0.10144810681693987,0.3911612124240408,0.8900325887283371,-0.2110525491903569
-10706.871209144592,-9528.0,-6264.0,-11880.0,3674.0,-1138.0,693.0,0.07321297352063937,0.43208599600190684,0.7462849934975632,-0.5009992625220605
-10706.886824846268,-9108.0,-5676.0,-11936.0,3226.0,-1298.0,95.0,0.038635749669739,0.38496342985413684,0.5679147834965796,-0.7264869133084432
-10706.90242767334,-8584.0,-5860.0,-12076.0,2910.0,-1282.0,291.0,0.02206515930814311,0.3160759056600504,0.35596716732740324,-0.8791453386049372
-10706.918057203293,-8584.0,-6420.0,-11120.0,2616.0,-1105.0,2565.0,0.17170463145413034,0.2999539540029233,0.07835386458767814,-0.9350966885404897
-10706.933746099472,-8820.0,-7300.0,-11200.0,2862.0,-581.0,2765.0,0.30793045159225874,0.29683503052364446,-0.22274946945669055,-0.87604250781168
-10706.949379444122,-9196.0,-7544.0,-10984.0,3458.0,-154.0,3574.0,0.4480873858356454,0.2832548295191156,-0.5354570039953075,-0.6574725797183052
-10706.964966535568,-9500.0,-7396.0,-11424.0,3767.0,-653.0,4303.0,0.5104310333987311,0.17172496617258007,-0.7895731197817687,-0.294185289663869
-10706.98055267334,-9220.0,-6972.0,-11324.0,3719.0,-438.0,2502.0,0.454699703870869,0.14310519261304594,-0.8768510803203535,0.0624601159777645
-10706.99613404274,-9280.0,-7104.0,-9540.0,3116.0,-1013.0,3436.0,0.29498030138736664,0.00857593065435011,-0.8711873516987371,0.3923591128634218
-10707.01177406311,-9176.0,-7056.0,-10196.0,2191.0,-361.0,4160.0,0.11390162044203594,-0.2210751224092209,-0.7477496969721316,0.6156481152334602
-10707.027432203293,-9668.0,-7480.0,-10384.0,1462.0,-504.0,5997.0,-0.18752577978627472,-0.5022632312558517,-0.49140326121561934,0.686358917266057
-10707.043036937714,-10132.0,-8028.0,-10884.0,2525.0,-436.0,4839.0,-0.3476486961137368,-0.6542614440284361,-0.109331203868918,0.6626681181472499
-10707.05865931511,-10356.0,-7244.0,-10948.0,3335.0,-678.0,1799.0,-0.25362341265745497,-0.6953846094972264,0.1958585513800004,0.6432377766251792
-10707.074247598648,-10256.0,-5920.0,-10944.0,3454.0,-919.0,1060.0,-0.08329519248082246,-0.6678637706028313,0.45102598415375805,0.5861701599739492
-10707.089832305908,-10332.0,-5388.0,-10152.0,2558.0,-929.0,1086.0,0.04557108543344452,-0.5777698247813605,0.6315474778705946,0.5150272700933657
-10707.105412483215,-10988.0,-5764.0,-10064.0,979.0,-2714.0,-387.0,0.25406616516969366,-0.4587878469662332,0.6253348901165121,0.5778584345625005
-10707.120988845825,-10676.0,-6788.0,-11860.0,-252.0,-4345.0,-5285.0,0.6418481104947837,-0.45829511649880345,0.26157451732488324,0.5563949686453664
-10707.13656783104,-9380.0,-7796.0,-11640.0,533.0,-4255.0,-6859.0,0.8931548077658386,-0.3093806096255285,-0.18388256344067655,0.2697134231271966
-10707.152137994766,-8380.0,-8476.0,-9856.0,1770.0,-3077.0,-4239.0,0.8928421869572999,-0.02818444129841014,-0.4471466319487228,0.04580781587148391
-10707.167755365372,-8484.0,-8296.0,-9840.0,2743.0,-1555.0,-718.0,0.8101026427148429,0.2113554872269162,-0.5381855430764788,0.09705095315851459
-10707.183333873749,-9520.0,-7652.0,-10504.0,3381.0,-793.0,-47.0,0.6802111991365121,0.4395698322304349,-0.5405770491605779,0.22774446443990137
-10707.198908090591,-11196.0,-7320.0,-9860.0,3526.0,-1745.0,-2507.0,0.47446452692625,0.7427254552615382,-0.44268627802540156,0.16513984995514483
-10707.214481830597,-11512.0,-6888.0,-10612.0,3268.0,-3705.0,-6075.0,0.17075468722039763,0.9628295508187756,-0.12812799159341343,-0.1654850767671128
-10707.230085134506,-10968.0,-6384.0,-10024.0,2286.0,-4980.0,-8438.0,-0.14962346980392852,0.7658587077388505,0.3559865016813919,-0.5141467375030744
